,Wk,HomeTeam,AwayTeam,Result,FTHG,FTAG,HxG,AxG,HS,AS,HST,AST,pastHG,pastAG,pastHxG,pastAxG,pastHS,pastAS,pastHST,pastAST,HomePoint,AwayPoint,pastHP,pastAP,pastHGC,pastAGC,pastHxGC,pastAxGC,pastHSC,pastASC,pastHSTC,pastASTC
0,1.0,Brentford,Arsenal,H,2,0,1.6,1.6,8,22,3,4,0.0,0.0,0.0,0.0,0.0,0.0,0.0,0.0,3,0,0.0,0.0,0.0,0.0,0.0,0.0,0.0,0.0,0.0,0.0
1,1.0,Manchester Utd,Leeds United,H,5,1,2.5,0.6,16,10,8,3,0.0,0.0,0.0,0.0,0.0,0.0,0.0,0.0,3,0,0.0,0.0,0.0,0.0,0.0,0.0,0.0,0.0,0.0,0.0
2,1.0,Leicester City,Wolves,H,1,0,0.7,1.5,9,17,5,3,0.0,0.0,0.0,0.0,0.0,0.0,0.0,0.0,3,0,0.0,0.0,0.0,0.0,0.0,0.0,0.0,0.0,0.0,0.0
3,1.0,Burnley,Brighton,A,1,2,1.4,1.4,14,14,3,8,0.0,0.0,0.0,0.0,0.0,0.0,0.0,0.0,0,3,0.0,0.0,0.0,0.0,0.0,0.0,0.0,0.0,0.0,0.0
4,1.0,Chelsea,Crystal Palace,H,3,0,0.8,0.4,13,4,6,1,0.0,0.0,0.0,0.0,0.0,0.0,0.0,0.0,3,0,0.0,0.0,0.0,0.0,0.0,0.0,0.0,0.0,0.0,0.0
5,1.0,Watford,Aston Villa,H,3,2,1.3,1.3,13,11,7,2,0.0,0.0,0.0,0.0,0.0,0.0,0.0,0.0,3,0,0.0,0.0,0.0,0.0,0.0,0.0,0.0,0.0,0.0,0.0
6,1.0,Everton,Southampton,H,3,1,2.3,0.9,14,6,6,3,0.0,0.0,0.0,0.0,0.0,0.0,0.0,0.0,3,0,0.0,0.0,0.0,0.0,0.0,0.0,0.0,0.0,0.0,0.0
7,1.0,Norwich City,Liverpool,A,0,3,1.4,1.7,14,19,3,8,0.0,0.0,0.0,0.0,0.0,0.0,0.0,0.0,0,3,0.0,0.0,0.0,0.0,0.0,0.0,0.0,0.0,0.0,0.0
8,1.0,Newcastle Utd,West Ham,A,2,4,2.1,2.6,17,8,3,9,0.0,0.0,0.0,0.0,0.0,0.0,0.0,0.0,0,3,0.0,0.0,0.0,0.0,0.0,0.0,0.0,0.0,0.0,0.0
9,1.0,Tottenham,Manchester City,H,1,0,1.0,2.0,13,18,3,4,0.0,0.0,0.0,0.0,0.0,0.0,0.0,0.0,3,0,0.0,0.0,0.0,0.0,0.0,0.0,0.0,0.0,0.0,0.0
10,2.0,Liverpool,Burnley,H,2,0,2.8,1.0,27,9,9,3,3.0,1.0,1.7,1.4,19.0,14.0,8.0,3.0,3,0,3.0,0.0,0.0,2.0,1.4,1.4,14.0,14.0,3.0,8.0
11,2.0,Aston Villa,Newcastle Utd,H,2,0,1.3,0.9,10,9,2,1,2.0,2.0,1.3,2.1,11.0,17.0,2.0,3.0,3,0,0.0,0.0,3.0,4.0,1.3,2.6,13.0,8.0,7.0,9.0
12,2.0,Manchester City,Norwich City,H,5,0,2.7,0.1,16,1,4,0,0.0,0.0,2.0,1.4,18.0,14.0,4.0,3.0,3,0,0.0,0.0,1.0,3.0,1.0,1.7,13.0,19.0,3.0,8.0
13,2.0,Leeds United,Everton,D,2,2,1.4,2.0,17,17,4,8,1.0,3.0,0.6,2.3,10.0,14.0,3.0,6.0,1,1,0.0,3.0,5.0,1.0,2.5,0.9,16.0,6.0,8.0,3.0
14,2.0,Crystal Palace,Brentford,D,0,0,0.8,1.0,7,14,2,3,0.0,2.0,0.4,1.6,4.0,8.0,1.0,3.0,1,1,0.0,3.0,3.0,0.0,0.8,1.6,13.0,22.0,6.0,4.0
15,2.0,Brighton,Watford,H,2,0,1.3,1.0,13,10,3,1,2.0,3.0,1.4,1.3,14.0,13.0,8.0,7.0,3,0,3.0,3.0,1.0,2.0,1.4,1.3,14.0,11.0,3.0,2.0
16,2.0,Wolves,Tottenham,A,0,1,1.7,1.7,25,8,6,6,0.0,1.0,1.5,1.0,17.0,13.0,3.0,3.0,0,3,0.0,3.0,1.0,0.0,0.7,2.0,9.0,18.0,5.0,4.0
17,2.0,Southampton,Manchester Utd,D,1,1,0.7,1.8,8,15,3,4,1.0,5.0,0.9,2.5,6.0,16.0,3.0,8.0,1,1,0.0,3.0,3.0,1.0,2.3,0.6,14.0,10.0,6.0,3.0
18,2.0,Arsenal,Chelsea,A,0,2,0.3,3.0,6,22,3,5,0.0,3.0,1.6,0.8,22.0,13.0,4.0,6.0,0,3,0.0,3.0,2.0,0.0,1.6,0.4,8.0,4.0,3.0,1.0
19,2.0,West Ham,Leicester City,H,4,1,2.8,0.6,13,5,7,1,4.0,1.0,2.6,0.7,8.0,9.0,9.0,5.0,3,0,3.0,3.0,2.0,0.0,2.1,1.5,17.0,17.0,3.0,3.0
20,3.0,Manchester City,Arsenal,H,5,0,4.0,0.2,25,1,10,0,5.0,0.0,4.7,1.9000000000000001,34.0,28.0,8.0,7.0,3,0,3.0,0.0,1.0,4.0,1.1,4.6,14.0,30.0,3.0,8.0
21,3.0,Norwich City,Leicester City,A,1,2,1.6,1.3,14,9,4,3,0.0,2.0,1.5,1.2999999999999998,15.0,14.0,3.0,6.0,0,3,0.0,3.0,8.0,4.0,4.4,4.3,35.0,30.0,12.0,10.0
22,3.0,West Ham,Crystal Palace,D,2,2,1.9,1.1,14,9,4,2,8.0,0.0,5.4,1.2000000000000002,21.0,11.0,16.0,3.0,1,1,6.0,1.0,3.0,3.0,2.7,1.8,22.0,27.0,4.0,9.0
23,3.0,Aston Villa,Brentford,D,1,1,0.8,1.0,7,9,5,2,4.0,2.0,2.6,2.6,21.0,22.0,4.0,6.0,1,1,3.0,4.0,3.0,0.0,2.2,2.4000000000000004,22.0,29.0,8.0,6.0
24,3.0,Newcastle Utd,Southampton,D,2,2,1.1,3.7,10,22,5,6,2.0,2.0,3.0,1.6,26.0,14.0,4.0,6.0,1,1,0.0,1.0,6.0,4.0,3.9000000000000004,4.1,18.0,29.0,11.0,10.0
25,3.0,Brighton,Everton,A,0,2,1.0,1.7,14,14,3,5,4.0,5.0,2.7,4.3,27.0,31.0,11.0,14.0,0,3,6.0,4.0,1.0,3.0,2.4,2.3,24.0,23.0,4.0,7.0
26,3.0,Liverpool,Chelsea,D,1,1,2.4,0.7,24,6,7,3,5.0,5.0,4.5,3.8,46.0,35.0,17.0,11.0,1,1,6.0,6.0,0.0,0.0,2.4,0.7,23.0,10.0,6.0,4.0
27,3.0,Burnley,Leeds United,D,1,1,1.1,1.6,12,12,3,2,1.0,3.0,2.4,2.0,23.0,27.0,6.0,7.0,1,1,0.0,1.0,4.0,7.0,4.199999999999999,4.5,41.0,33.0,17.0,16.0
28,3.0,Tottenham,Watford,H,1,0,1.3,1.1,15,9,8,2,2.0,3.0,2.7,2.3,21.0,23.0,9.0,8.0,3,0,6.0,3.0,0.0,4.0,3.7,2.6,43.0,24.0,10.0,5.0
29,3.0,Wolves,Manchester Utd,A,0,1,2.5,0.7,15,10,6,3,0.0,6.0,3.2,4.3,42.0,31.0,9.0,12.0,0,3,0.0,4.0,2.0,2.0,2.4,1.2999999999999998,17.0,18.0,11.0,6.0
30,4.0,Crystal Palace,Tottenham,H,3,0,2.6,0.1,18,2,4,1,2.0,3.0,2.3,4.0,20.0,36.0,5.0,17.0,3,0,2.0,9.0,5.0,0.0,3.7,4.8,41.0,52.0,13.0,12.0
31,4.0,Watford,Wolves,A,0,2,0.3,2.1,6,14,2,5,3.0,0.0,3.4000000000000004,5.7,32.0,57.0,10.0,15.0,0,3,3.0,0.0,5.0,3.0,3.9000000000000004,3.0999999999999996,39.0,27.0,13.0,14.0
32,4.0,Brentford,Brighton,A,0,1,0.4,0.3,7,4,1,2,3.0,4.0,3.6,3.6999999999999997,31.0,41.0,8.0,14.0,0,3,5.0,6.0,1.0,3.0,3.2,4.1,36.0,38.0,11.0,9.0
33,4.0,Arsenal,Norwich City,H,1,0,3.2,0.8,30,10,7,1,0.0,1.0,2.1,3.1,29.0,29.0,7.0,7.0,3,0,0.0,0.0,9.0,10.0,8.6,5.7,55.0,44.0,18.0,15.0
34,4.0,Manchester Utd,Newcastle Utd,H,4,1,2.6,0.7,21,12,7,3,7.0,4.0,5.0,4.1000000000000005,41.0,36.0,15.0,9.0,3,0,7.0,1.0,2.0,8.0,3.8000000000000003,7.6000000000000005,33.0,40.0,12.0,17.0
35,4.0,Leicester City,Manchester City,A,0,1,0.6,3.3,6,25,1,8,4.0,10.0,2.5999999999999996,8.7,23.0,59.0,9.0,18.0,0,3,6.0,6.0,5.0,1.0,5.9,1.3,44.0,15.0,14.0,3.0
36,4.0,Southampton,West Ham,D,0,0,0.8,0.9,11,13,3,3,4.0,10.0,5.300000000000001,7.299999999999999,36.0,35.0,12.0,20.0,1,1,2.0,7.0,6.0,5.0,5.2,3.8000000000000003,39.0,31.0,15.0,6.0
37,4.0,Chelsea,Aston Villa,H,3,0,1.0,1.3,12,18,4,6,6.0,5.0,4.5,3.4000000000000004,41.0,28.0,14.0,9.0,3,0,7.0,4.0,1.0,4.0,3.0999999999999996,3.2,34.0,31.0,11.0,10.0
38,4.0,Leeds United,Liverpool,A,0,3,1.1,4.4,9,30,4,9,4.0,6.0,3.6,6.8999999999999995,39.0,70.0,9.0,24.0,0,3,2.0,7.0,8.0,1.0,5.6,3.0999999999999996,45.0,29.0,19.0,9.0
39,4.0,Everton,Burnley,H,3,1,1.4,1.3,14,11,6,6,7.0,2.0,6.0,3.5,45.0,35.0,19.0,9.0,3,0,7.0,1.0,3.0,5.0,3.3,5.8,37.0,53.0,10.0,19.0
40,5.0,Newcastle Utd,Leeds United,D,1,1,1.6,1.8,17,22,7,9,3.0,3.0,2.7,4.1,31.0,38.0,9.0,10.0,1,1,1.0,2.0,8.0,6.0,7.6000000000000005,7.5,53.0,59.0,15.0,20.0
41,5.0,Wolves,Brentford,A,0,2,0.7,2.5,11,9,0,3,2.0,1.0,6.300000000000001,2.4,54.0,30.0,17.0,6.0,0,3,3.0,2.0,2.0,2.0,2.6999999999999997,1.9000000000000001,24.0,18.0,11.0,9.0
42,5.0,Manchester City,Southampton,D,0,0,1.2,0.5,18,10,1,2,11.0,3.0,10.0,5.2,66.0,41.0,22.0,12.0,1,1,9.0,3.0,0.0,3.0,0.9,3.8000000000000003,8.0,38.0,1.0,12.0
43,5.0,Liverpool,Crystal Palace,H,3,0,3.3,1.0,25,13,10,2,6.0,5.0,9.6,4.5,81.0,34.0,25.0,8.0,3,0,7.0,5.0,1.0,2.0,2.8,3.0,24.0,30.0,10.0,8.0
44,5.0,Norwich City,Watford,A,1,3,1.1,2.0,12,12,5,8,1.0,0.0,2.5,2.4,25.0,25.0,5.0,5.0,0,3,0.0,0.0,8.0,5.0,7.2,4.7,55.0,42.0,14.0,16.0
45,5.0,Burnley,Arsenal,A,0,1,1.3,1.0,18,13,3,3,2.0,1.0,3.4,3.7,32.0,37.0,12.0,10.0,0,3,1.0,3.0,6.0,7.0,5.799999999999999,7.8,53.0,57.0,17.0,16.0
46,5.0,Aston Villa,Everton,H,3,0,1.0,1.0,15,11,3,1,3.0,7.0,3.4000000000000004,5.1,35.0,45.0,13.0,19.0,3,0,4.0,7.0,4.0,3.0,2.9,3.7,30.0,42.0,7.0,13.0
47,5.0,West Ham,Manchester Utd,A,1,2,1.7,2.0,13,17,4,10,6.0,6.0,5.6,5.1,40.0,46.0,14.0,14.0,0,3,5.0,7.0,3.0,2.0,2.5,3.9000000000000004,25.0,35.0,6.0,12.0
48,5.0,Brighton,Leicester City,H,2,1,1.7,1.5,12,14,5,3,3.0,3.0,2.5999999999999996,2.5,31.0,20.0,8.0,5.0,3,0,6.0,3.0,2.0,6.0,3.1,7.7,31.0,52.0,7.0,19.0
49,5.0,Tottenham,Chelsea,A,0,3,0.6,2.7,8,20,2,10,2.0,6.0,3.1,4.7,25.0,40.0,15.0,12.0,0,3,6.0,7.0,3.0,1.0,5.4,4.0,52.0,48.0,12.0,16.0
50,6.0,Manchester Utd,Aston Villa,A,0,1,2.5,1.2,28,7,4,3,7.0,4.0,5.300000000000001,3.1,48.0,40.0,20.0,14.0,0,3,9.0,4.0,2.0,4.0,4.9,3.0,40.0,32.0,13.0,7.0
51,6.0,Chelsea,Manchester City,A,0,1,0.2,1.4,5,15,0,4,7.0,6.0,4.4,8.5,38.0,68.0,17.0,19.0,0,3,7.0,7.0,1.0,0.0,4.3,1.2999999999999998,50.0,17.0,15.0,3.0
52,6.0,Leicester City,Burnley,D,2,2,2.6,0.5,22,9,5,3,3.0,2.0,3.4,3.7,29.0,41.0,7.0,12.0,1,1,3.0,1.0,4.0,5.0,6.6,4.0,51.0,39.0,17.0,11.0
53,6.0,Leeds United,West Ham,A,1,2,1.3,2.2,15,20,5,7,2.0,3.0,4.5,4.5,43.0,40.0,15.0,11.0,0,3,2.0,2.0,5.0,4.0,7.1000000000000005,3.9000000000000004,59.0,37.0,19.0,15.0
54,6.0,Watford,Newcastle Utd,D,1,1,1.1,2.4,15,20,4,6,3.0,4.0,3.4,3.4000000000000004,27.0,39.0,12.0,15.0,1,1,3.0,2.0,4.0,7.0,4.5,8.1,41.0,65.0,18.0,22.0
55,6.0,Everton,Norwich City,H,2,0,2.0,0.7,11,10,4,2,5.0,2.0,4.1,3.5,39.0,36.0,12.0,10.0,3,0,6.0,0.0,4.0,6.0,3.3,6.5,40.0,51.0,12.0,18.0
56,6.0,Brentford,Liverpool,D,3,3,2.2,2.6,12,16,4,6,3.0,7.0,3.9,10.1,25.0,79.0,6.0,26.0,1,1,4.0,7.0,2.0,1.0,1.8,2.8,22.0,28.0,7.0,9.0
57,6.0,Southampton,Wolves,A,0,1,1.3,0.6,18,5,6,3,2.0,2.0,5.0,5.300000000000001,43.0,40.0,11.0,11.0,0,3,3.0,3.0,2.0,3.0,3.1999999999999997,3.5,41.0,25.0,9.0,8.0
58,6.0,Arsenal,Tottenham,H,3,1,1.1,1.0,12,10,7,4,2.0,1.0,4.4,2.0,44.0,25.0,10.0,11.0,3,0,6.0,3.0,5.0,6.0,6.1,6.4,53.0,47.0,14.0,16.0
59,6.0,Crystal Palace,Brighton,D,1,1,1.4,0.8,8,8,3,4,5.0,3.0,4.7,3.0,40.0,30.0,8.0,10.0,1,1,4.0,6.0,5.0,3.0,5.299999999999999,3.6,41.0,35.0,15.0,9.0
60,7.0,Manchester Utd,Everton,D,1,1,1.1,1.4,13,12,6,2,6.0,5.0,7.1,4.4,66.0,36.0,21.0,11.0,1,1,6.0,6.0,3.0,4.0,3.5999999999999996,3.0,32.0,36.0,10.0,11.0
61,7.0,Wolves,Newcastle Utd,H,2,1,1.1,0.7,7,8,3,2,3.0,3.0,3.4000000000000004,4.699999999999999,30.0,49.0,8.0,16.0,3,0,6.0,2.0,2.0,6.0,4.1,5.5,33.0,58.0,11.0,20.0
62,7.0,Burnley,Norwich City,D,0,0,1.2,0.5,14,10,4,2,3.0,1.0,3.1,2.6,38.0,32.0,12.0,8.0,1,1,1.0,0.0,6.0,6.0,5.0,7.2,49.0,53.0,14.0,19.0
63,7.0,Chelsea,Southampton,H,3,1,3.4,1.3,20,6,9,2,6.0,0.0,3.9000000000000004,2.6,37.0,39.0,14.0,11.0,3,0,6.0,2.0,1.0,1.0,3.3000000000000003,2.7,41.0,36.0,12.0,7.0
64,7.0,Leeds United,Watford,H,1,0,2.1,0.2,20,5,4,1,2.0,4.0,4.2,3.4000000000000004,46.0,33.0,18.0,14.0,3,0,1.0,4.0,6.0,4.0,8.200000000000001,5.6,67.0,46.0,23.0,16.0
65,7.0,Brighton,Arsenal,D,0,0,1.6,0.6,21,8,2,2,4.0,5.0,2.8,5.300000000000001,24.0,55.0,11.0,17.0,1,1,7.0,9.0,2.0,1.0,3.3,3.1,29.0,38.0,7.0,8.0
66,7.0,Tottenham,Aston Villa,H,2,1,1.4,1.1,17,14,8,3,1.0,4.0,1.7000000000000002,3.5,20.0,40.0,7.0,12.0,3,0,0.0,6.0,9.0,3.0,6.4,4.5,50.0,51.0,21.0,9.0
67,7.0,Crystal Palace,Leicester City,D,2,2,1.8,1.4,18,9,4,5,4.0,3.0,5.0,4.7,39.0,42.0,9.0,9.0,1,1,4.0,1.0,4.0,5.0,4.2,5.5,35.0,46.0,15.0,16.0
68,7.0,West Ham,Brentford,A,1,2,1.7,1.3,18,13,5,6,3.0,5.0,4.8,5.1,46.0,28.0,14.0,8.0,0,3,4.0,4.0,3.0,4.0,4.1,3.5999999999999996,43.0,31.0,18.0,8.0
69,7.0,Liverpool,Manchester City,D,2,2,0.8,1.7,6,12,4,3,9.0,2.0,10.3,5.8999999999999995,71.0,58.0,25.0,13.0,1,1,7.0,7.0,3.0,0.0,4.300000000000001,1.3,34.0,21.0,10.0,3.0
70,8.0,Watford,Liverpool,A,0,5,0.5,3.6,6,19,2,8,4.0,8.0,3.3000000000000003,6.699999999999999,32.0,47.0,13.0,20.0,0,3,4.0,5.0,3.0,5.0,5.6,4.9,52.0,37.0,15.0,9.0
71,8.0,Leicester City,Manchester Utd,H,4,2,3.1,1.5,22,18,11,6,5.0,3.0,5.5,5.6,45.0,58.0,13.0,20.0,3,0,2.0,4.0,6.0,3.0,4.0,4.3,39.0,32.0,12.0,9.0
72,8.0,Manchester City,Burnley,H,2,0,2.2,0.8,15,7,6,2,3.0,2.0,4.3,3.0,45.0,41.0,8.0,10.0,3,0,5.0,2.0,2.0,3.0,1.5,4.1,21.0,45.0,6.0,10.0
73,8.0,Southampton,Leeds United,H,1,0,2.3,0.1,19,3,5,0,1.0,3.0,3.1,5.2,34.0,57.0,10.0,18.0,3,0,1.0,4.0,4.0,3.0,5.199999999999999,4.0,43.0,42.0,13.0,15.0
74,8.0,Aston Villa,Wolves,A,2,3,1.2,1.9,14,9,5,4,5.0,3.0,3.3,2.4,36.0,23.0,9.0,6.0,0,3,6.0,6.0,2.0,3.0,4.9,4.5,56.0,35.0,13.0,11.0
75,8.0,Norwich City,Brighton,D,0,0,1.6,1.0,15,11,3,3,1.0,3.0,2.3,4.1,32.0,41.0,9.0,11.0,1,1,1.0,5.0,5.0,2.0,5.2,3.5,37.0,30.0,16.0,8.0
76,8.0,Brentford,Chelsea,A,0,1,1.5,0.4,17,5,7,1,7.0,6.0,6.0,6.300000000000001,34.0,45.0,13.0,19.0,0,3,7.0,6.0,4.0,2.0,5.0,3.3000000000000003,45.0,29.0,11.0,8.0
77,8.0,Everton,West Ham,A,0,1,1.1,1.4,15,16,2,4,3.0,4.0,4.4,5.6,34.0,51.0,7.0,16.0,0,3,4.0,3.0,4.0,5.0,2.8,4.6,38.0,45.0,11.0,21.0
78,8.0,Newcastle Utd,Tottenham,A,2,3,0.4,1.9,7,14,1,4,3.0,3.0,4.699999999999999,3.0,45.0,35.0,15.0,14.0,0,3,2.0,3.0,4.0,7.0,4.0,4.9,44.0,46.0,16.0,20.0
79,8.0,Arsenal,Crystal Palace,D,2,2,1.9,0.9,17,9,6,6,4.0,3.0,2.7,4.2,33.0,39.0,12.0,9.0,1,1,7.0,2.0,1.0,6.0,3.9000000000000004,5.5,49.0,42.0,9.0,19.0
80,9.0,Arsenal,Aston Villa,H,3,1,3.1,1.4,22,10,9,4,5.0,4.0,3.6,3.5,37.0,35.0,15.0,11.0,3,0,5.0,3.0,3.0,5.0,3.5,5.8,40.0,54.0,12.0,16.0
81,9.0,Chelsea,Norwich City,H,7,0,3.0,0.2,23,3,13,1,4.0,0.0,4.0,2.8,30.0,35.0,10.0,7.0,3,0,6.0,2.0,2.0,2.0,4.2,4.2,38.0,36.0,13.0,11.0
82,9.0,Leeds United,Wolves,D,1,1,1.9,1.0,18,8,4,4,2.0,6.0,3.5000000000000004,3.6,38.0,21.0,9.0,10.0,1,1,3.0,9.0,3.0,3.0,4.7,3.2,44.0,40.0,13.0,13.0
83,9.0,Crystal Palace,Newcastle Utd,D,1,1,1.8,0.5,15,6,3,2,5.0,4.0,4.1000000000000005,3.4999999999999996,35.0,35.0,13.0,9.0,1,1,3.0,1.0,5.0,6.0,4.1,4.1,34.0,36.0,15.0,11.0
84,9.0,Everton,Watford,A,2,5,1.5,3.3,15,20,4,8,3.0,1.0,4.5,1.8,38.0,26.0,8.0,7.0,0,3,4.0,1.0,2.0,7.0,3.1999999999999997,8.1,39.0,59.0,12.0,18.0
85,9.0,Southampton,Burnley,D,2,2,1.9,0.8,16,9,4,5,2.0,2.0,4.8999999999999995,2.5,43.0,30.0,13.0,9.0,1,1,3.0,2.0,4.0,4.0,4.1,5.300000000000001,28.0,47.0,12.0,13.0
86,9.0,Brighton,Manchester City,A,1,4,1.4,4.0,10,23,5,14,1.0,5.0,3.4000000000000004,5.3,40.0,42.0,9.0,13.0,0,3,3.0,7.0,1.0,2.0,3.6,1.8,31.0,18.0,8.0,6.0
87,9.0,West Ham,Tottenham,H,1,0,1.3,0.9,13,7,4,4,4.0,6.0,5.3,4.3,54.0,41.0,16.0,16.0,3,0,6.0,6.0,3.0,6.0,3.7,2.6,43.0,33.0,13.0,11.0
88,9.0,Brentford,Leicester City,A,1,2,1.4,1.5,15,10,5,6,5.0,8.0,5.0,7.1,42.0,53.0,17.0,21.0,0,3,4.0,5.0,5.0,6.0,4.7,3.8,39.0,45.0,12.0,13.0
89,9.0,Manchester Utd,Liverpool,A,0,5,1.7,3.2,12,19,4,8,3.0,10.0,5.1,7.0,59.0,41.0,16.0,18.0,0,3,1.0,5.0,6.0,5.0,5.699999999999999,4.4,41.0,30.0,16.0,9.0
90,10.0,Leicester City,Arsenal,A,0,2,1.4,0.9,16,9,8,5,8.0,5.0,6.0,5.6,41.0,47.0,22.0,17.0,0,3,7.0,5.0,5.0,3.0,4.7,3.9,51.0,40.0,15.0,12.0
91,10.0,Newcastle Utd,Chelsea,A,0,3,0.4,2.4,6,19,1,6,4.0,11.0,1.6,6.800000000000001,21.0,48.0,5.0,23.0,0,3,1.0,9.0,6.0,1.0,4.800000000000001,3.0,36.0,26.0,10.0,10.0
92,10.0,Liverpool,Brighton,D,2,2,1.5,1.1,14,9,3,6,12.0,1.0,7.6000000000000005,4.0,44.0,42.0,20.0,10.0,1,1,7.0,2.0,2.0,4.0,3.9000000000000004,6.199999999999999,30.0,46.0,9.0,19.0
93,10.0,Burnley,Brentford,H,3,1,2.5,0.9,15,12,6,5,2.0,3.0,2.8,4.2,30.0,45.0,11.0,18.0,3,0,2.0,3.0,4.0,4.0,4.6,3.5999999999999996,41.0,33.0,12.0,12.0
94,10.0,Watford,Southampton,A,0,1,1.0,2.1,10,12,4,1,5.0,4.0,4.0,5.499999999999999,31.0,41.0,11.0,11.0,0,3,3.0,4.0,8.0,5.0,7.2,4.3,54.0,32.0,16.0,14.0
95,10.0,Manchester City,Crystal Palace,A,0,2,1.1,0.8,14,8,3,3,8.0,5.0,7.9,4.5,50.0,42.0,23.0,13.0,0,3,7.0,3.0,3.0,5.0,3.0,3.8,23.0,32.0,11.0,13.0
96,10.0,Tottenham,Manchester Utd,A,0,3,0.9,1.1,9,10,0,4,5.0,3.0,4.199999999999999,4.3,38.0,43.0,16.0,16.0,0,3,6.0,1.0,4.0,10.0,2.8000000000000003,7.699999999999999,34.0,53.0,8.0,21.0
97,10.0,Norwich City,Leeds United,A,1,2,0.9,1.2,14,13,3,6,0.0,2.0,2.3,4.1,28.0,41.0,6.0,8.0,0,3,2.0,4.0,7.0,2.0,5.2,3.5,48.0,32.0,20.0,10.0
98,10.0,Aston Villa,West Ham,A,1,4,0.8,2.7,9,21,3,9,4.0,3.0,3.7,4.4,38.0,47.0,12.0,13.0,0,3,0.0,6.0,8.0,2.0,6.4,3.3000000000000003,48.0,35.0,21.0,12.0
99,10.0,Wolves,Everton,H,2,1,1.6,1.6,10,14,4,5,6.0,3.0,4.0,4.0,24.0,42.0,11.0,8.0,3,0,7.0,1.0,4.0,7.0,3.8,5.799999999999999,40.0,49.0,11.0,18.0
100,11.0,Southampton,Aston Villa,H,1,0,0.8,0.9,9,14,3,3,4.0,4.0,6.299999999999999,3.4,47.0,33.0,10.0,12.0,3,0,7.0,0.0,2.0,10.0,1.9,7.699999999999999,22.0,52.0,9.0,22.0
101,11.0,Manchester Utd,Manchester City,A,0,2,0.8,2.3,5,16,1,5,5.0,6.0,4.3,7.300000000000001,40.0,52.0,14.0,23.0,0,3,3.0,6.0,9.0,3.0,7.2,3.0,50.0,25.0,19.0,10.0
102,11.0,Brentford,Norwich City,A,1,2,2.6,1.3,19,9,7,5,2.0,1.0,3.8,2.7,44.0,32.0,17.0,7.0,0,3,0.0,1.0,6.0,9.0,4.4,5.2,30.0,47.0,13.0,22.0
103,11.0,Chelsea,Burnley,D,1,1,2.3,0.6,25,5,4,2,11.0,5.0,5.8,4.1,47.0,31.0,20.0,13.0,1,1,9.0,4.0,0.0,5.0,2.1,5.0,26.0,43.0,9.0,15.0
104,11.0,Crystal Palace,Wolves,H,2,0,2.2,0.4,13,4,6,2,5.0,6.0,3.5,4.5,32.0,27.0,12.0,12.0,3,0,5.0,7.0,3.0,4.0,3.5,4.699999999999999,37.0,46.0,11.0,14.0
105,11.0,Brighton,Newcastle Utd,D,1,1,2.0,0.4,14,6,5,1,3.0,3.0,3.5,1.3,30.0,19.0,14.0,4.0,1,1,2.0,1.0,6.0,7.0,7.1,6.1,52.0,48.0,20.0,13.0
106,11.0,Everton,Tottenham,D,0,0,0.8,1.1,12,8,2,0,3.0,3.0,4.2,3.6999999999999997,44.0,30.0,11.0,8.0,1,1,0.0,3.0,8.0,6.0,6.299999999999999,2.8000000000000003,46.0,30.0,16.0,9.0
107,11.0,Leeds United,Leicester City,D,1,1,1.6,0.9,18,9,5,3,3.0,6.0,3.2,6.0,34.0,48.0,10.0,25.0,1,1,4.0,6.0,3.0,5.0,4.199999999999999,3.8,41.0,42.0,12.0,16.0
108,11.0,Arsenal,Watford,H,1,0,1.9,0.9,14,7,6,1,7.0,5.0,5.9,4.8,48.0,36.0,20.0,14.0,3,0,7.0,3.0,3.0,8.0,3.6999999999999997,7.2,35.0,46.0,18.0,13.0
109,11.0,West Ham,Liverpool,H,3,2,0.9,1.5,7,16,3,5,6.0,12.0,5.3999999999999995,8.3,50.0,52.0,17.0,19.0,3,0,9.0,7.0,1.0,2.0,2.8000000000000003,3.3000000000000003,31.0,27.0,9.0,12.0
110,12.0,Leicester City,Chelsea,A,0,3,0.3,2.1,4,16,3,7,3.0,11.0,3.8,7.699999999999999,35.0,67.0,17.0,23.0,0,3,4.0,7.0,4.0,1.0,3.9,1.2000000000000002,42.0,14.0,15.0,4.0
111,12.0,Wolves,West Ham,H,1,0,1.1,0.6,15,8,5,3,3.0,8.0,3.0,4.9,22.0,41.0,10.0,16.0,3,0,4.0,9.0,4.0,3.0,5.699999999999999,3.2,45.0,32.0,15.0,12.0
112,12.0,Watford,Manchester Utd,H,4,1,3.2,1.7,20,9,7,3,5.0,3.0,5.2,3.6,37.0,27.0,13.0,9.0,3,0,3.0,3.0,4.0,7.0,5.5,6.4,41.0,44.0,11.0,13.0
113,12.0,Norwich City,Southampton,H,2,1,0.5,1.3,8,17,4,5,3.0,4.0,2.4,4.800000000000001,26.0,37.0,9.0,8.0,3,0,3.0,7.0,10.0,2.0,6.8,2.7,55.0,33.0,26.0,12.0
114,12.0,Aston Villa,Brighton,H,2,0,0.8,0.5,9,6,5,2,2.0,4.0,3.0999999999999996,4.5,33.0,33.0,10.0,16.0,3,0,0.0,2.0,8.0,7.0,6.6000000000000005,5.9,52.0,43.0,21.0,18.0
115,12.0,Newcastle Utd,Brentford,D,3,3,1.9,0.9,23,10,9,4,2.0,3.0,1.3,4.9,18.0,46.0,4.0,17.0,1,1,2.0,0.0,5.0,7.0,6.199999999999999,5.3,48.0,34.0,14.0,17.0
116,12.0,Burnley,Crystal Palace,D,3,3,1.6,2.3,15,18,9,8,6.0,5.0,3.9,4.8,29.0,36.0,13.0,12.0,1,1,5.0,7.0,4.0,1.0,5.1,2.0,53.0,24.0,13.0,7.0
117,12.0,Liverpool,Arsenal,H,4,0,3.8,0.6,19,5,9,3,9.0,6.0,6.2,5.9,49.0,45.0,16.0,20.0,3,0,4.0,9.0,5.0,1.0,3.7,3.6999999999999997,28.0,33.0,13.0,13.0
118,12.0,Manchester City,Everton,H,3,0,2.6,0.2,17,4,7,1,6.0,3.0,7.4,3.9,53.0,41.0,22.0,11.0,3,0,6.0,1.0,3.0,7.0,3.0,6.0,23.0,38.0,9.0,12.0
119,12.0,Tottenham,Leeds United,H,2,1,1.7,1.7,13,18,4,7,0.0,4.0,2.9,4.7,24.0,49.0,4.0,15.0,3,0,1.0,5.0,4.0,3.0,3.2,2.8,35.0,31.0,10.0,10.0
120,13.0,Arsenal,Newcastle Utd,H,2,0,2.8,0.4,24,9,6,5,3.0,4.0,3.4,2.6999999999999997,28.0,35.0,14.0,11.0,3,0,6.0,2.0,4.0,7.0,6.1,5.3,42.0,43.0,18.0,15.0
121,13.0,Crystal Palace,Aston Villa,A,1,2,0.8,0.5,8,10,3,3,7.0,3.0,5.3,2.5,39.0,32.0,17.0,11.0,0,3,7.0,3.0,3.0,5.0,3.1,4.0,33.0,36.0,14.0,14.0
122,13.0,Liverpool,Southampton,H,4,0,3.1,1.0,20,7,6,3,8.0,3.0,6.8,4.2,49.0,38.0,17.0,9.0,3,0,4.0,6.0,5.0,2.0,2.6,2.4,21.0,32.0,12.0,11.0
123,13.0,Norwich City,Wolves,D,0,0,1.7,0.3,14,5,4,2,5.0,3.0,2.7,3.1,31.0,29.0,12.0,11.0,1,1,6.0,6.0,4.0,3.0,5.1,4.4,49.0,35.0,18.0,14.0
124,13.0,Brighton,Leeds United,D,0,0,2.5,0.9,20,11,4,4,3.0,4.0,3.6,4.5,29.0,49.0,13.0,18.0,1,1,2.0,4.0,5.0,4.0,2.6999999999999997,3.5,29.0,36.0,9.0,10.0
125,13.0,Brentford,Everton,H,1,0,1.3,1.3,6,14,4,5,5.0,1.0,4.4,2.6,41.0,30.0,16.0,8.0,3,0,1.0,1.0,8.0,5.0,5.7,5.300000000000001,47.0,35.0,20.0,11.0
126,13.0,Leicester City,Watford,H,4,2,2.2,2.6,18,16,8,5,1.0,4.0,2.6,5.1000000000000005,29.0,37.0,14.0,12.0,3,0,1.0,3.0,6.0,3.0,4.6,5.699999999999999,43.0,35.0,17.0,10.0
127,13.0,Manchester City,West Ham,H,2,1,2.4,0.2,19,5,9,3,5.0,7.0,6.0,4.2,47.0,36.0,15.0,15.0,3,0,6.0,6.0,2.0,4.0,1.8,3.4000000000000004,17.0,40.0,5.0,13.0
128,13.0,Chelsea,Manchester Utd,D,1,1,3.1,0.7,24,3,6,2,7.0,4.0,6.8,3.5999999999999996,60.0,24.0,17.0,8.0,1,1,7.0,3.0,1.0,6.0,1.2999999999999998,6.4,15.0,45.0,6.0,12.0
129,14.0,Newcastle Utd,Norwich City,D,1,1,1.2,1.3,9,16,1,6,4.0,4.0,2.7,3.5,38.0,31.0,15.0,13.0,1,1,2.0,7.0,6.0,2.0,5.7,4.2,48.0,41.0,15.0,14.0
130,14.0,Leeds United,Crystal Palace,H,1,0,1.6,1.3,15,9,3,1,2.0,6.0,4.2,5.3,47.0,39.0,16.0,17.0,3,0,2.0,4.0,3.0,5.0,5.1000000000000005,2.5,42.0,29.0,11.0,14.0
131,14.0,Southampton,Leicester City,D,2,2,1.7,2.0,15,15,7,6,2.0,5.0,3.0999999999999996,3.4,33.0,31.0,11.0,14.0,1,1,3.0,4.0,6.0,6.0,4.5,6.300000000000001,42.0,50.0,13.0,17.0
132,14.0,West Ham,Brighton,D,1,1,1.4,1.4,14,9,6,3,4.0,1.0,1.7000000000000002,5.0,20.0,40.0,9.0,11.0,1,1,3.0,2.0,5.0,3.0,5.0,2.1,50.0,26.0,19.0,10.0
133,14.0,Wolves,Burnley,D,0,0,0.9,0.2,16,6,2,1,1.0,7.0,1.8,4.699999999999999,24.0,35.0,9.0,17.0,1,1,4.0,5.0,2.0,5.0,4.5,5.5,35.0,55.0,13.0,17.0
134,14.0,Watford,Chelsea,A,1,2,1.1,1.2,13,8,6,4,6.0,5.0,6.7,7.5,43.0,65.0,13.0,17.0,0,3,3.0,5.0,6.0,2.0,5.8,1.5999999999999999,41.0,12.0,17.0,7.0
135,14.0,Aston Villa,Manchester City,A,1,2,0.9,1.2,9,17,3,7,4.0,7.0,2.2,7.3,33.0,52.0,11.0,21.0,0,3,6.0,9.0,2.0,1.0,2.1,1.2000000000000002,23.0,14.0,8.0,5.0
136,14.0,Everton,Liverpool,A,1,4,1.3,2.7,8,16,2,7,0.0,10.0,2.3,8.4,30.0,55.0,8.0,20.0,0,3,1.0,6.0,4.0,3.0,5.0,2.5,31.0,19.0,11.0,9.0
137,14.0,Tottenham,Brentford,H,2,0,2.2,0.4,11,6,6,2,2.0,5.0,3.7,4.800000000000001,30.0,35.0,4.0,15.0,3,0,4.0,4.0,4.0,5.0,3.5999999999999996,4.5,40.0,46.0,13.0,19.0
138,14.0,Manchester Utd,Arsenal,H,3,2,1.9,1.7,14,17,10,8,2.0,3.0,3.2,5.299999999999999,17.0,43.0,6.0,15.0,3,0,1.0,6.0,7.0,4.0,8.600000000000001,5.1,60.0,35.0,18.0,15.0
139,15.0,West Ham,Chelsea,H,3,2,2.2,1.3,11,19,5,7,2.0,6.0,2.2,6.4,27.0,48.0,12.0,17.0,3,0,1.0,7.0,4.0,2.0,4.9,2.1,43.0,20.0,17.0,11.0
140,15.0,Newcastle Utd,Burnley,H,1,0,1.2,0.8,19,10,4,1,4.0,4.0,3.4999999999999996,2.4000000000000004,41.0,26.0,15.0,12.0,3,0,2.0,3.0,6.0,4.0,5.0,5.5,50.0,59.0,16.0,14.0
141,15.0,Southampton,Brighton,D,1,1,1.7,1.4,14,14,4,4,3.0,1.0,4.0,4.4,39.0,35.0,15.0,9.0,1,1,1.0,2.0,8.0,3.0,5.6,3.1,43.0,34.0,16.0,15.0
142,15.0,Wolves,Liverpool,A,0,1,0.1,2.6,3,17,1,5,1.0,12.0,2.3,9.600000000000001,36.0,55.0,9.0,22.0,0,3,5.0,9.0,0.0,1.0,2.5,2.9000000000000004,28.0,20.0,8.0,8.0
143,15.0,Watford,Manchester City,A,1,3,0.9,3.5,11,26,4,13,7.0,7.0,6.9,6.2,49.0,53.0,18.0,23.0,0,3,3.0,9.0,7.0,2.0,5.1,1.3,35.0,18.0,15.0,7.0
144,15.0,Leeds United,Brentford,D,2,2,1.1,1.0,13,9,6,3,2.0,4.0,4.2,2.6,44.0,22.0,14.0,10.0,1,1,4.0,4.0,2.0,5.0,5.5,5.3999999999999995,42.0,48.0,9.0,20.0
145,15.0,Tottenham,Norwich City,H,3,0,2.2,1.4,17,10,7,1,4.0,3.0,5.0,3.5,32.0,38.0,10.0,14.0,3,0,7.0,5.0,1.0,2.0,2.9000000000000004,2.8,36.0,31.0,11.0,8.0
146,15.0,Manchester Utd,Crystal Palace,H,1,0,1.1,0.6,16,8,3,2,5.0,4.0,4.3,4.3999999999999995,26.0,35.0,15.0,12.0,3,0,4.0,1.0,7.0,6.0,8.0,3.7,61.0,40.0,21.0,15.0
147,15.0,Aston Villa,Leicester City,H,2,1,2.3,1.2,13,12,4,5,5.0,6.0,2.2,4.5,28.0,37.0,11.0,17.0,3,0,6.0,4.0,3.0,7.0,2.5,6.4,31.0,47.0,12.0,19.0
148,15.0,Everton,Arsenal,H,2,1,1.1,1.3,11,10,5,3,1.0,4.0,2.8,5.1,26.0,46.0,8.0,17.0,3,0,0.0,3.0,8.0,7.0,6.6000000000000005,6.1,39.0,42.0,18.0,24.0
149,16.0,Brentford,Watford,H,2,1,1.7,0.7,14,6,5,2,3.0,4.0,2.7,4.6,21.0,40.0,9.0,15.0,3,0,4.0,0.0,4.0,9.0,4.6000000000000005,6.9,38.0,52.0,17.0,25.0
150,16.0,Manchester City,Wolves,H,1,0,3.5,0.1,24,2,10,1,7.0,0.0,7.1,1.3,62.0,24.0,29.0,5.0,3,0,9.0,2.0,3.0,1.0,2.0,4.5,25.0,37.0,10.0,10.0
151,16.0,Liverpool,Aston Villa,H,1,0,2.6,0.2,20,4,5,0,9.0,5.0,8.4,3.6999999999999997,53.0,32.0,18.0,10.0,3,0,9.0,6.0,1.0,4.0,2.4000000000000004,3.2,18.0,37.0,6.0,15.0
152,16.0,Arsenal,Southampton,H,3,0,1.9,0.8,15,11,5,6,5.0,3.0,5.8,4.4,51.0,36.0,17.0,14.0,3,0,3.0,2.0,5.0,7.0,3.4,6.5,34.0,49.0,20.0,16.0
153,16.0,Chelsea,Leeds United,H,3,2,2.6,1.8,16,12,6,5,5.0,3.0,5.6,3.6,51.0,39.0,17.0,13.0,3,0,4.0,5.0,5.0,2.0,4.0,4.8,27.0,38.0,13.0,8.0
154,16.0,Norwich City,Manchester Utd,A,0,1,1.3,2.1,11,13,5,5,1.0,5.0,4.4,3.7,40.0,33.0,11.0,15.0,0,3,2.0,7.0,4.0,3.0,3.7,5.4,31.0,49.0,10.0,16.0
155,16.0,Burnley,West Ham,D,0,0,1.0,1.0,9,16,1,3,3.0,5.0,2.6,3.8000000000000003,31.0,30.0,11.0,14.0,1,1,2.0,4.0,4.0,5.0,4.4,5.1,53.0,47.0,14.0,19.0
156,16.0,Leicester City,Newcastle Utd,H,4,0,2.9,1.3,8,12,5,3,7.0,2.0,5.4,2.8,45.0,37.0,19.0,10.0,3,0,4.0,4.0,6.0,3.0,6.6,4.9,44.0,50.0,16.0,13.0
157,16.0,Crystal Palace,Everton,H,3,1,2.2,1.3,17,12,6,6,1.0,3.0,2.7,3.7,25.0,33.0,6.0,12.0,3,0,0.0,3.0,4.0,6.0,3.2,5.3,41.0,32.0,9.0,14.0
158,17.0,Norwich City,Aston Villa,A,0,2,0.6,2.2,7,17,3,6,1.0,3.0,4.0,3.4,37.0,26.0,12.0,7.0,0,3,1.0,3.0,5.0,4.0,5.5,5.0,39.0,49.0,13.0,17.0
159,17.0,Manchester City,Leeds United,H,7,0,3.2,0.3,31,6,15,3,6.0,5.0,8.2,4.5,67.0,40.0,30.0,14.0,3,0,9.0,4.0,2.0,5.0,1.9000000000000001,4.9,22.0,34.0,8.0,10.0
160,17.0,Brighton,Wolves,A,0,1,1.4,1.2,12,8,2,5,2.0,0.0,5.3,1.1,43.0,21.0,11.0,4.0,0,3,3.0,1.0,2.0,2.0,3.9999999999999996,6.300000000000001,39.0,47.0,14.0,16.0
161,17.0,Crystal Palace,Southampton,D,2,2,1.2,0.9,9,15,6,4,3.0,3.0,4.1,4.2,34.0,40.0,9.0,17.0,1,1,3.0,2.0,3.0,6.0,4.0,5.3,43.0,44.0,12.0,15.0
162,17.0,Arsenal,West Ham,H,2,0,3.1,0.4,21,7,8,1,6.0,4.0,4.9,4.6,42.0,41.0,16.0,14.0,3,0,3.0,5.0,5.0,3.0,3.8,3.7,36.0,37.0,21.0,11.0
163,17.0,Chelsea,Everton,D,1,1,3.0,0.5,23,5,10,3,7.0,4.0,5.1,3.7,43.0,31.0,17.0,13.0,1,1,6.0,3.0,6.0,8.0,5.1000000000000005,6.2,36.0,43.0,16.0,16.0
164,17.0,Liverpool,Newcastle Utd,H,3,1,3.0,0.3,23,4,8,2,6.0,2.0,7.9,3.7,53.0,40.0,17.0,8.0,3,0,9.0,4.0,1.0,5.0,1.6,5.0,15.0,34.0,3.0,12.0
165,18.0,Leeds United,Arsenal,A,1,4,1.6,3.4,9,21,2,12,4.0,6.0,3.2,6.3,31.0,46.0,14.0,16.0,0,3,1.0,6.0,12.0,2.0,6.800000000000001,2.3000000000000003,56.0,29.0,24.0,12.0
166,18.0,Wolves,Chelsea,D,0,0,0.3,1.0,4,8,1,1,1.0,6.0,1.4000000000000001,6.8999999999999995,13.0,58.0,7.0,23.0,1,1,3.0,4.0,2.0,6.0,7.5,4.5,53.0,28.0,17.0,13.0
167,18.0,Newcastle Utd,Manchester City,A,0,4,0.4,2.9,5,18,1,7,2.0,11.0,2.8,10.2,35.0,81.0,9.0,38.0,0,3,3.0,9.0,7.0,1.0,6.7,1.3,41.0,19.0,14.0,8.0
168,18.0,Tottenham,Liverpool,D,2,2,2.6,1.4,10,18,5,6,7.0,5.0,6.1000000000000005,8.2,41.0,60.0,17.0,18.0,1,1,9.0,9.0,1.0,1.0,3.5,0.6,34.0,11.0,10.0,3.0
169,19.0,West Ham,Southampton,A,2,3,1.9,1.3,11,11,5,6,3.0,3.0,3.6,3.4000000000000004,34.0,40.0,9.0,14.0,0,3,4.0,2.0,4.0,6.0,5.3999999999999995,4.5,49.0,38.0,16.0,15.0
170,19.0,Manchester City,Leicester City,H,6,3,3.9,2.4,17,14,9,8,12.0,7.0,9.6,6.1,73.0,35.0,32.0,16.0,3,0,9.0,4.0,0.0,4.0,0.8,5.3,13.0,40.0,5.0,14.0
171,19.0,Norwich City,Arsenal,A,0,5,0.2,2.7,4,16,2,6,0.0,9.0,3.3,8.4,28.0,57.0,9.0,25.0,0,3,0.0,9.0,6.0,1.0,6.500000000000001,2.8000000000000003,47.0,27.0,18.0,9.0
172,19.0,Tottenham,Crystal Palace,H,3,0,2.3,0.2,17,4,6,0,7.0,5.0,7.0,4.0,38.0,34.0,18.0,14.0,3,0,7.0,4.0,2.0,4.0,3.1999999999999997,3.3000000000000003,34.0,43.0,9.0,13.0
173,19.0,Aston Villa,Chelsea,A,1,3,0.6,2.7,8,10,1,4,4.0,4.0,4.7,6.6,34.0,47.0,10.0,17.0,0,3,6.0,5.0,2.0,3.0,4.4,2.5999999999999996,39.0,21.0,13.0,9.0
174,19.0,Brighton,Brentford,H,2,0,1.1,1.0,15,16,5,6,2.0,4.0,4.199999999999999,3.0999999999999996,35.0,29.0,9.0,10.0,3,0,2.0,4.0,3.0,5.0,4.3,4.0,36.0,30.0,15.0,14.0
175,19.0,Newcastle Utd,Manchester Utd,D,1,1,1.2,1.8,13,13,8,4,1.0,5.0,2.0,5.1,21.0,43.0,6.0,18.0,1,1,0.0,9.0,11.0,2.0,8.8,3.5999999999999996,49.0,36.0,20.0,15.0
176,20.0,Southampton,Tottenham,D,1,1,0.5,2.5,9,21,2,11,5.0,8.0,3.0,7.1000000000000005,37.0,44.0,16.0,18.0,1,1,4.0,7.0,7.0,2.0,5.0,3.0,35.0,32.0,16.0,7.0
177,20.0,Crystal Palace,Norwich City,H,3,0,2.3,1.1,19,12,6,3,5.0,0.0,3.6000000000000005,2.1,30.0,22.0,12.0,10.0,3,0,4.0,0.0,6.0,8.0,4.5,7.000000000000001,44.0,46.0,16.0,17.0
178,20.0,Watford,West Ham,A,1,4,1.7,3.5,14,13,5,6,3.0,2.0,2.7,3.3,30.0,34.0,12.0,9.0,0,3,0.0,1.0,7.0,5.0,6.4,5.3999999999999995,48.0,41.0,22.0,15.0
179,20.0,Leicester City,Liverpool,H,1,0,0.6,2.7,6,21,1,4,8.0,6.0,6.5,7.0,34.0,61.0,18.0,19.0,3,0,3.0,7.0,8.0,3.0,7.499999999999999,3.1,42.0,18.0,16.0,7.0
180,20.0,Chelsea,Brighton,D,1,1,1.1,1.4,11,18,5,6,4.0,3.0,6.7,3.9,41.0,41.0,15.0,11.0,1,1,5.0,4.0,2.0,2.0,1.4,3.9000000000000004,17.0,38.0,5.0,15.0
181,20.0,Brentford,Manchester City,A,0,1,0.6,1.0,6,12,2,3,4.0,17.0,3.7,10.0,39.0,66.0,14.0,31.0,0,3,4.0,9.0,5.0,3.0,2.9000000000000004,3.0999999999999996,34.0,25.0,13.0,12.0
182,20.0,Manchester Utd,Burnley,H,3,1,2.3,1.0,18,10,6,3,3.0,0.0,5.0,2.0,42.0,25.0,12.0,3.0,3,0,7.0,2.0,1.0,1.0,3.1,3.1,32.0,51.0,15.0,9.0
183,21.0,Arsenal,Manchester City,A,1,2,0.9,2.2,7,15,2,2,11.0,11.0,9.2,7.8,58.0,47.0,26.0,19.0,0,3,9.0,9.0,1.0,3.0,2.2,3.4,20.0,25.0,5.0,11.0
184,21.0,Watford,Tottenham,A,0,1,0.3,2.1,6,21,4,9,3.0,6.0,3.3,7.4,31.0,48.0,11.0,22.0,0,3,0.0,5.0,9.0,3.0,8.7,2.0999999999999996,53.0,31.0,24.0,8.0
185,21.0,Crystal Palace,West Ham,A,2,3,2.7,2.3,22,10,6,5,5.0,6.0,3.7,5.8,32.0,31.0,12.0,12.0,0,3,4.0,3.0,5.0,6.0,4.3,6.1,44.0,46.0,13.0,19.0
186,21.0,Leeds United,Burnley,H,3,1,2.0,0.9,22,8,7,2,3.0,1.0,3.7,2.8,27.0,29.0,10.0,5.0,3,0,0.0,1.0,14.0,4.0,9.200000000000001,4.5,68.0,53.0,33.0,13.0
187,21.0,Brentford,Aston Villa,H,2,1,0.8,1.2,10,16,4,5,2.0,3.0,3.3,3.0000000000000004,36.0,29.0,13.0,7.0,3,0,3.0,3.0,4.0,4.0,2.8,5.9,33.0,37.0,10.0,12.0
188,21.0,Everton,Brighton,A,2,3,1.9,1.7,17,12,6,5,4.0,3.0,2.9000000000000004,3.9,28.0,45.0,14.0,13.0,0,3,4.0,4.0,5.0,2.0,6.5,3.3000000000000003,50.0,35.0,19.0,16.0
189,21.0,Chelsea,Liverpool,D,2,2,1.5,1.7,15,10,6,6,4.0,5.0,4.800000000000001,7.1,29.0,62.0,10.0,18.0,1,1,5.0,4.0,2.0,4.0,2.3,3.5,30.0,20.0,8.0,8.0
190,21.0,Manchester Utd,Wolves,A,0,1,0.9,1.1,9,19,2,6,5.0,1.0,6.2,1.6,44.0,14.0,15.0,7.0,0,3,7.0,4.0,2.0,1.0,3.5,5.9,34.0,44.0,16.0,13.0
191,18.0,Southampton,Brentford,H,4,1,1.5,0.6,12,5,6,4,6.0,2.0,2.7,2.4,35.0,32.0,12.0,12.0,3,0,5.0,3.0,5.0,4.0,5.6,3.3000000000000003,41.0,43.0,22.0,13.0
192,18.0,West Ham,Norwich City,H,2,0,2.5,0.5,13,7,5,3,9.0,0.0,7.699999999999999,1.9000000000000001,34.0,23.0,16.0,8.0,3,0,6.0,0.0,6.0,10.0,5.7,7.2,47.0,52.0,17.0,18.0
193,22.0,Brighton,Crystal Palace,D,1,1,2.1,0.4,19,3,4,1,6.0,5.0,4.199999999999999,5.2,45.0,45.0,16.0,12.0,1,1,7.0,3.0,3.0,6.0,4.0,5.699999999999999,44.0,39.0,17.0,14.0
194,22.0,Manchester City,Chelsea,H,1,0,0.9,0.4,11,4,6,1,9.0,6.0,7.1,5.300000000000001,44.0,36.0,14.0,15.0,3,0,9.0,5.0,4.0,4.0,3.9,3.6999999999999997,27.0,36.0,12.0,13.0
195,22.0,Norwich City,Everton,H,2,1,1.0,0.9,14,12,3,5,0.0,4.0,1.8,3.7,23.0,34.0,8.0,15.0,3,0,0.0,1.0,10.0,7.0,7.5,6.9,48.0,52.0,17.0,21.0
196,22.0,Newcastle Utd,Watford,D,1,1,1.3,1.3,12,18,1,5,2.0,2.0,1.9000000000000001,2.7,22.0,26.0,11.0,11.0,1,1,1.0,0.0,8.0,7.0,7.7,7.3,54.0,48.0,19.0,20.0
197,22.0,Wolves,Southampton,H,3,1,2.5,0.8,9,13,5,10,2.0,8.0,2.5999999999999996,3.3,31.0,32.0,12.0,14.0,3,0,7.0,7.0,0.0,4.0,3.3,5.0,29.0,37.0,5.0,20.0
198,22.0,Aston Villa,Manchester Utd,D,2,2,1.8,1.3,13,13,9,6,4.0,4.0,4.0,5.0,41.0,40.0,12.0,12.0,1,1,3.0,4.0,5.0,3.0,4.1,3.3,27.0,42.0,11.0,17.0
199,22.0,West Ham,Leeds United,A,2,3,2.5,2.6,15,18,5,5,9.0,4.0,8.3,3.9,36.0,37.0,16.0,12.0,0,3,9.0,3.0,3.0,12.0,4.9,7.5,43.0,60.0,14.0,29.0
200,22.0,Liverpool,Brentford,H,3,0,3.2,0.7,27,6,13,1,4.0,3.0,5.8,2.0,49.0,21.0,16.0,10.0,3,0,2.0,3.0,5.0,6.0,4.7,3.7,31.0,40.0,12.0,14.0
201,24.0,Brighton,Chelsea,D,1,1,1.0,0.8,10,15,2,3,5.0,3.0,5.199999999999999,3.0,49.0,30.0,15.0,12.0,1,1,5.0,2.0,4.0,4.0,3.4,3.9999999999999996,31.0,39.0,12.0,18.0
202,17.0,Leicester City,Tottenham,A,2,3,1.3,4.1,14,27,4,10,8.0,5.0,5.9,6.8999999999999995,28.0,59.0,14.0,26.0,0,3,6.0,7.0,6.0,1.0,7.9,1.0,50.0,19.0,16.0,6.0
203,17.0,Brentford,Manchester Utd,A,1,3,2.5,2.2,18,13,8,5,3.0,5.0,2.0999999999999996,4.5,21.0,40.0,9.0,14.0,0,3,3.0,4.0,8.0,4.0,5.9,3.9000000000000004,55.0,42.0,24.0,18.0
204,23.0,Watford,Norwich City,A,0,3,1.2,0.9,15,7,4,2,2.0,2.0,3.3,2.6,38.0,33.0,14.0,9.0,0,3,1.0,3.0,6.0,6.0,6.8999999999999995,5.7,46.0,44.0,16.0,16.0
205,23.0,Everton,Aston Villa,A,0,1,1.7,0.7,15,8,1,3,4.0,4.0,3.3,3.5999999999999996,34.0,37.0,14.0,15.0,0,3,1.0,1.0,6.0,7.0,5.7,4.8,49.0,33.0,18.0,14.0
206,23.0,Leeds United,Newcastle Utd,A,0,1,1.3,1.0,13,15,4,3,7.0,2.0,6.2,2.9000000000000004,49.0,30.0,14.0,10.0,0,3,6.0,2.0,7.0,6.0,6.8,6.0,44.0,49.0,19.0,16.0
207,23.0,Manchester Utd,West Ham,H,1,0,1.9,0.4,18,6,3,1,5.0,7.0,4.4,7.3,35.0,38.0,13.0,15.0,3,0,4.0,6.0,4.0,5.0,5.4,5.800000000000001,50.0,47.0,23.0,14.0
208,23.0,Brentford,Wolves,A,1,2,1.4,0.3,11,7,1,2,2.0,4.0,3.8,3.9,29.0,32.0,13.0,12.0,0,3,0.0,7.0,10.0,1.0,6.9,2.7,52.0,30.0,24.0,13.0
209,23.0,Southampton,Manchester City,D,1,1,0.7,1.9,7,20,3,5,6.0,4.0,2.8,4.1000000000000005,34.0,38.0,18.0,11.0,1,1,4.0,9.0,5.0,1.0,5.6,1.9,35.0,17.0,20.0,5.0
210,23.0,Crystal Palace,Liverpool,A,1,3,2.4,1.8,8,15,5,7,6.0,5.0,5.4,7.6000000000000005,44.0,58.0,13.0,23.0,0,3,4.0,4.0,4.0,3.0,5.5,2.8,41.0,27.0,12.0,8.0
211,23.0,Arsenal,Burnley,D,0,0,1.5,0.7,20,10,5,1,10.0,2.0,7.0,2.9,44.0,27.0,20.0,6.0,1,1,6.0,1.0,3.0,6.0,4.0,5.3,28.0,56.0,6.0,16.0
212,23.0,Leicester City,Brighton,D,1,1,1.7,1.5,15,14,5,5,6.0,5.0,4.3,4.8,34.0,41.0,13.0,11.0,1,1,3.0,5.0,9.0,4.0,10.7,3.1,65.0,35.0,23.0,10.0
213,23.0,Chelsea,Tottenham,H,2,0,1.3,0.7,15,6,7,3,3.0,5.0,2.7,8.7,34.0,69.0,10.0,30.0,3,0,2.0,7.0,4.0,3.0,3.5999999999999996,2.1,31.0,29.0,14.0,10.0
214,17.0,Burnley,Watford,D,0,0,1.0,1.2,13,11,2,5,2.0,1.0,2.5999999999999996,2.8,28.0,39.0,6.0,13.0,1,1,1.0,1.0,6.0,5.0,5.8,4.3,60.0,40.0,18.0,12.0
215,24.0,West Ham,Watford,H,1,0,0.9,0.4,9,6,3,1,4.0,1.0,5.4,3.7,34.0,44.0,11.0,14.0,3,0,3.0,2.0,4.0,4.0,5.0,3.1999999999999997,43.0,32.0,11.0,5.0
216,24.0,Newcastle Utd,Everton,H,3,1,2.4,0.8,20,11,9,3,3.0,3.0,3.5,4.5,40.0,44.0,12.0,12.0,3,0,5.0,0.0,2.0,6.0,4.4,3.4,44.0,34.0,13.0,11.0
217,24.0,Burnley,Manchester Utd,D,1,1,0.5,2.4,9,22,3,5,1.0,6.0,2.6,5.4,31.0,44.0,5.0,14.0,1,1,2.0,7.0,3.0,3.0,4.7,4.7,53.0,37.0,17.0,18.0
218,24.0,Tottenham,Southampton,A,2,3,1.2,2.3,8,23,3,10,4.0,6.0,6.8999999999999995,3.0,54.0,32.0,22.0,19.0,0,3,6.0,4.0,4.0,5.0,2.9000000000000004,5.0,35.0,34.0,15.0,14.0
219,24.0,Norwich City,Crystal Palace,D,1,1,0.5,1.4,5,13,1,5,5.0,4.0,2.4,5.5,28.0,33.0,8.0,12.0,1,1,6.0,1.0,3.0,7.0,4.6000000000000005,6.199999999999999,40.0,44.0,14.0,16.0
220,24.0,Manchester City,Brentford,H,2,0,1.8,0.6,15,6,7,2,4.0,2.0,5.0,4.6,46.0,35.0,13.0,10.0,3,0,7.0,0.0,2.0,8.0,2.0,5.7,18.0,47.0,6.0,20.0
221,24.0,Aston Villa,Leeds United,D,3,3,2.1,1.8,12,16,4,8,4.0,6.0,3.7,5.9,37.0,53.0,17.0,16.0,1,1,4.0,6.0,4.0,4.0,3.8,4.4,38.0,38.0,11.0,10.0
222,24.0,Liverpool,Leicester City,H,2,0,2.2,0.6,22,5,11,1,8.0,4.0,6.7,3.5999999999999996,52.0,35.0,26.0,10.0,3,0,7.0,4.0,3.0,4.0,4.6,8.3,29.0,62.0,12.0,19.0
223,24.0,Wolves,Arsenal,A,0,1,0.9,1.9,15,12,4,2,6.0,6.0,3.9000000000000004,5.1,35.0,43.0,13.0,13.0,0,3,9.0,4.0,2.0,2.0,3.0999999999999996,3.1000000000000005,33.0,29.0,13.0,5.0
224,25.0,Manchester Utd,Southampton,D,1,1,2.7,1.1,12,13,8,4,5.0,5.0,6.5,3.8,53.0,43.0,13.0,23.0,1,1,7.0,4.0,2.0,6.0,3.4,5.6,33.0,37.0,12.0,13.0
225,25.0,Everton,Leeds United,H,3,0,2.7,0.4,21,7,10,0,2.0,6.0,3.4000000000000004,5.7,38.0,47.0,9.0,17.0,3,0,0.0,4.0,6.0,6.0,4.1,5.6,42.0,42.0,15.0,12.0
226,25.0,Brentford,Crystal Palace,D,0,0,1.6,0.4,9,6,2,3,2.0,3.0,4.5,4.199999999999999,35.0,24.0,11.0,11.0,1,1,0.0,2.0,7.0,5.0,4.3,4.4,35.0,39.0,14.0,12.0
227,25.0,Watford,Brighton,A,0,2,0.6,1.6,9,11,1,6,0.0,3.0,2.8,4.6,32.0,43.0,10.0,11.0,0,3,1.0,3.0,4.0,3.0,2.8,2.9000000000000004,29.0,33.0,7.0,9.0
228,25.0,Norwich City,Manchester City,A,0,4,0.5,4.9,8,22,3,9,6.0,4.0,2.4,4.6,26.0,46.0,6.0,18.0,0,3,7.0,7.0,2.0,1.0,3.5,1.7,40.0,17.0,14.0,6.0
229,25.0,Newcastle Utd,Aston Villa,H,1,0,0.6,0.8,10,11,2,1,5.0,6.0,4.7,4.6000000000000005,47.0,33.0,13.0,16.0,3,0,7.0,5.0,2.0,5.0,3.4000000000000004,4.8,42.0,44.0,12.0,15.0
230,25.0,Burnley,Liverpool,A,0,1,1.0,1.8,8,12,5,4,1.0,8.0,2.2,7.2,32.0,64.0,6.0,31.0,0,3,3.0,9.0,1.0,1.0,5.1,3.6999999999999997,53.0,19.0,15.0,7.0
231,25.0,Tottenham,Wolves,A,0,2,1.8,1.7,17,11,7,7,5.0,5.0,6.0,3.6999999999999997,41.0,31.0,16.0,11.0,0,3,3.0,6.0,7.0,3.0,4.9,4.1,52.0,36.0,21.0,13.0
232,25.0,Leicester City,West Ham,D,2,2,1.6,1.0,13,8,2,3,3.0,3.0,3.6,3.8,34.0,30.0,10.0,9.0,1,1,1.0,3.0,6.0,4.0,7.8,4.9,63.0,42.0,26.0,9.0
233,18.0,Manchester Utd,Brighton,H,2,0,1.8,0.9,19,10,7,3,3.0,4.0,7.0,4.1,52.0,35.0,16.0,13.0,3,0,5.0,5.0,2.0,2.0,2.0,3.0999999999999996,28.0,39.0,8.0,9.0
234,26.0,West Ham,Newcastle Utd,D,1,1,0.8,0.9,11,14,3,3,3.0,5.0,2.3,4.0,23.0,45.0,7.0,14.0,1,1,4.0,9.0,3.0,1.0,3.9,2.9000000000000004,37.0,35.0,6.0,8.0
235,26.0,Aston Villa,Watford,A,0,1,1.7,1.3,20,8,1,4,4.0,0.0,3.6,2.2,31.0,26.0,8.0,7.0,0,3,4.0,1.0,4.0,3.0,4.1,3.5,41.0,33.0,11.0,11.0
236,26.0,Arsenal,Brentford,H,2,1,2.2,0.9,24,6,8,2,2.0,1.0,4.3,3.6,39.0,26.0,9.0,5.0,3,0,4.0,1.0,2.0,4.0,3.8000000000000003,2.5,40.0,28.0,7.0,12.0
237,26.0,Southampton,Everton,H,2,0,2.5,0.3,19,9,11,0,5.0,4.0,4.1,5.2,43.0,47.0,17.0,14.0,3,0,5.0,3.0,4.0,4.0,5.800000000000001,3.5,40.0,35.0,16.0,12.0
238,26.0,Liverpool,Norwich City,H,3,1,4.4,0.7,29,6,8,1,6.0,4.0,5.800000000000001,1.9,49.0,20.0,22.0,6.0,3,0,9.0,4.0,1.0,5.0,4.0,7.500000000000001,21.0,50.0,11.0,18.0
239,26.0,Brighton,Burnley,A,0,3,0.8,1.0,11,10,1,4,3.0,1.0,4.0,2.5,35.0,30.0,14.0,10.0,0,3,4.0,2.0,3.0,2.0,4.1,5.3999999999999995,43.0,45.0,13.0,14.0
240,26.0,Crystal Palace,Chelsea,A,0,1,0.9,1.1,7,9,0,3,2.0,3.0,4.199999999999999,2.5,27.0,34.0,13.0,11.0,0,3,2.0,4.0,4.0,2.0,3.9000000000000004,2.5999999999999996,29.0,27.0,10.0,11.0
241,26.0,Manchester City,Tottenham,A,2,3,2.6,1.1,21,6,4,5,7.0,2.0,8.600000000000001,3.7,57.0,31.0,21.0,13.0,0,3,7.0,0.0,1.0,7.0,1.7999999999999998,5.3,21.0,49.0,8.0,24.0
242,26.0,Leeds United,Manchester Utd,A,2,4,1.6,2.5,16,15,6,9,3.0,4.0,3.5,6.9,36.0,53.0,12.0,20.0,0,3,1.0,5.0,7.0,2.0,5.800000000000001,2.5,48.0,32.0,17.0,10.0
243,26.0,Wolves,Leicester City,H,2,1,1.3,1.7,11,17,3,7,4.0,3.0,2.9,3.9,33.0,33.0,13.0,8.0,3,0,6.0,2.0,2.0,5.0,5.1,4.7,40.0,44.0,10.0,19.0
244,13.0,Burnley,Tottenham,H,1,0,1.3,1.0,15,12,4,2,4.0,5.0,2.5,4.1,27.0,31.0,12.0,15.0,3,0,4.0,3.0,2.0,7.0,5.0,6.6,45.0,55.0,10.0,21.0
245,18.0,Watford,Crystal Palace,A,1,4,1.2,1.3,8,7,1,5,1.0,1.0,2.3000000000000003,2.6999999999999997,23.0,26.0,6.0,8.0,0,3,3.0,2.0,3.0,2.0,4.2,3.2,40.0,23.0,10.0,6.0
246,19.0,Liverpool,Leeds United,H,6,0,5.4,0.2,23,3,15,2,6.0,5.0,8.4,3.8000000000000003,63.0,39.0,23.0,14.0,3,0,9.0,1.0,1.0,10.0,2.3,7.300000000000001,19.0,48.0,7.0,23.0
247,20.0,Arsenal,Wolves,H,2,1,3.6,1.3,26,6,5,2,3.0,4.0,5.6,3.9000000000000004,56.0,37.0,15.0,14.0,3,0,7.0,6.0,1.0,2.0,2.5,5.3999999999999995,31.0,46.0,7.0,16.0
248,27.0,Southampton,Norwich City,H,2,0,3.2,0.5,27,8,9,1,6.0,2.0,5.9,1.7,55.0,19.0,25.0,5.0,3,0,7.0,1.0,3.0,8.0,4.2,10.700000000000001,29.0,64.0,11.0,22.0
249,27.0,Leeds United,Tottenham,A,0,4,1.9,2.3,19,15,3,11,2.0,3.0,2.2,3.9000000000000004,26.0,35.0,8.0,14.0,0,3,0.0,3.0,13.0,5.0,10.600000000000001,5.6000000000000005,59.0,47.0,34.0,15.0
250,27.0,Crystal Palace,Burnley,D,1,1,1.1,0.3,11,5,4,1,4.0,4.0,2.6,3.3,20.0,33.0,8.0,13.0,1,1,4.0,6.0,2.0,1.0,3.9,3.5999999999999996,26.0,35.0,6.0,7.0
251,27.0,Manchester Utd,Watford,D,0,0,3.2,0.7,22,10,3,2,7.0,2.0,7.0,3.0999999999999996,46.0,25.0,24.0,6.0,1,1,7.0,3.0,3.0,6.0,3.6,4.6000000000000005,39.0,38.0,13.0,12.0
252,27.0,Brighton,Aston Villa,A,0,2,0.9,1.0,12,9,1,4,2.0,3.0,3.3,4.6,32.0,43.0,10.0,6.0,0,3,3.0,1.0,5.0,5.0,3.4,3.7,38.0,34.0,12.0,14.0
253,27.0,Brentford,Newcastle Utd,A,0,2,0.5,3.1,6,26,1,11,1.0,5.0,3.1,3.9,21.0,44.0,6.0,14.0,0,3,1.0,7.0,4.0,2.0,4.4,2.4000000000000004,45.0,33.0,18.0,7.0
254,27.0,Everton,Manchester City,A,0,1,0.5,1.9,6,13,2,8,4.0,8.0,3.8000000000000003,9.3,41.0,58.0,13.0,20.0,0,3,3.0,6.0,5.0,3.0,5.300000000000001,2.2,46.0,20.0,20.0,10.0
255,27.0,West Ham,Wolves,H,1,0,1.8,0.9,13,14,4,1,4.0,5.0,2.7,4.3,28.0,28.0,9.0,12.0,3,0,5.0,6.0,3.0,3.0,2.9000000000000004,7.1000000000000005,33.0,60.0,6.0,19.0
256,22.0,Burnley,Leicester City,A,0,2,1.1,1.8,9,22,2,6,5.0,3.0,2.6,3.9,30.0,35.0,9.0,10.0,0,3,7.0,1.0,1.0,6.0,2.9000000000000004,4.5,34.0,41.0,7.0,17.0
257,28.0,Leicester City,Leeds United,H,1,0,0.5,2.0,7,19,4,4,5.0,2.0,5.1,3.7,52.0,38.0,15.0,11.0,3,0,4.0,0.0,4.0,14.0,3.4000000000000004,10.2,28.0,53.0,8.0,35.0
258,28.0,Newcastle Utd,Brighton,H,2,1,1.7,1.7,10,15,4,4,4.0,0.0,4.6,2.6,50.0,33.0,16.0,5.0,3,0,7.0,0.0,1.0,7.0,2.1,3.8,28.0,38.0,5.0,15.0
259,28.0,Aston Villa,Southampton,H,4,0,2.5,1.1,14,11,9,1,2.0,5.0,3.5,6.800000000000001,40.0,59.0,6.0,24.0,3,0,3.0,7.0,2.0,1.0,2.8,3.5,30.0,29.0,7.0,9.0
260,28.0,Burnley,Chelsea,A,0,4,0.9,2.2,6,11,1,5,2.0,4.0,2.7,3.2,29.0,39.0,7.0,13.0,0,3,4.0,7.0,3.0,1.0,3.9,2.5999999999999996,45.0,23.0,12.0,5.0
261,28.0,Wolves,Crystal Palace,A,0,2,0.7,2.8,12,12,5,8,3.0,5.0,3.5,3.3,31.0,25.0,6.0,9.0,0,3,3.0,4.0,4.0,3.0,7.1000000000000005,2.6,56.0,22.0,16.0,5.0
262,28.0,Norwich City,Brentford,A,1,3,1.3,2.0,15,10,7,6,1.0,1.0,1.7,3.0,22.0,21.0,5.0,5.0,0,3,0.0,1.0,9.0,4.0,12.5,5.7,78.0,56.0,26.0,22.0
263,28.0,Liverpool,West Ham,H,1,0,2.6,1.2,22,13,5,5,10.0,4.0,11.600000000000001,3.6,64.0,32.0,27.0,10.0,3,0,9.0,5.0,1.0,3.0,1.9,3.4000000000000004,17.0,41.0,8.0,6.0
264,28.0,Watford,Arsenal,A,2,3,1.3,1.4,13,16,7,4,2.0,5.0,3.2,7.700000000000001,26.0,62.0,7.0,15.0,0,3,4.0,9.0,4.0,2.0,6.2,3.1,49.0,27.0,9.0,8.0
265,28.0,Manchester City,Manchester Utd,H,4,1,3.1,0.5,24,5,10,2,7.0,6.0,9.4,7.5,56.0,56.0,21.0,19.0,3,0,6.0,7.0,3.0,2.0,2.1,3.2,20.0,36.0,10.0,11.0
266,28.0,Tottenham,Everton,H,5,0,2.4,0.3,14,6,7,0,7.0,3.0,4.4,3.5,33.0,36.0,18.0,12.0,3,0,6.0,3.0,3.0,3.0,5.800000000000001,4.8,55.0,39.0,11.0,19.0
267,19.0,Wolves,Watford,H,4,0,0.9,0.9,10,9,5,0,1.0,3.0,2.9000000000000004,3.2,32.0,31.0,8.0,10.0,3,0,0.0,1.0,5.0,7.0,8.2,5.9,51.0,45.0,17.0,12.0
268,21.0,Southampton,Newcastle Utd,A,1,2,1.1,0.7,14,8,5,4,4.0,5.0,6.800000000000001,5.7,57.0,50.0,21.0,18.0,0,3,6.0,7.0,4.0,2.0,3.3,3.0,31.0,32.0,10.0,8.0
269,30.0,Norwich City,Chelsea,A,1,3,1.1,2.2,9,15,3,7,2.0,7.0,2.5,4.6000000000000005,29.0,35.0,9.0,15.0,0,3,0.0,9.0,8.0,0.0,9.600000000000001,2.5,66.0,19.0,23.0,4.0
270,20.0,Leeds United,Aston Villa,A,0,3,0.2,1.3,4,15,1,9,0.0,6.0,4.1,5.2,41.0,43.0,9.0,14.0,0,3,0.0,6.0,11.0,1.0,8.2,3.3000000000000003,45.0,31.0,30.0,6.0
271,29.0,Brighton,Liverpool,A,0,2,0.6,2.3,8,18,3,9,1.0,10.0,3.4000000000000004,12.4,38.0,74.0,6.0,28.0,0,3,0.0,9.0,7.0,1.0,3.7,2.0999999999999996,29.0,22.0,12.0,8.0
272,29.0,Brentford,Burnley,H,2,0,2.0,0.6,13,7,4,1,4.0,1.0,3.4,2.3,22.0,20.0,9.0,4.0,3,0,3.0,1.0,5.0,7.0,6.6,5.1,65.0,44.0,26.0,15.0
273,29.0,Manchester Utd,Tottenham,H,3,2,1.0,1.7,10,10,6,3,5.0,9.0,6.2,5.699999999999999,42.0,41.0,14.0,20.0,3,0,4.0,6.0,6.0,1.0,5.4,3.5,50.0,40.0,18.0,7.0
274,29.0,Chelsea,Newcastle Utd,H,1,0,1.0,0.5,8,7,3,2,8.0,6.0,5.5,5.5,35.0,44.0,15.0,19.0,3,0,9.0,9.0,1.0,2.0,2.9000000000000004,3.3,22.0,35.0,4.0,10.0
275,29.0,Southampton,Watford,A,1,2,1.7,1.8,13,9,7,5,3.0,2.0,5.4,2.9000000000000004,52.0,32.0,15.0,9.0,0,3,3.0,1.0,6.0,7.0,3.7,5.5,30.0,48.0,14.0,12.0
276,29.0,West Ham,Aston Villa,H,2,1,1.5,1.2,11,13,4,7,2.0,9.0,3.8,4.8,37.0,38.0,12.0,22.0,3,0,4.0,9.0,2.0,0.0,4.4,2.2,50.0,27.0,9.0,3.0
277,29.0,Everton,Wolves,A,0,1,0.4,1.0,8,14,2,3,0.0,4.0,1.1,2.5,21.0,36.0,2.0,11.0,0,3,0.0,3.0,8.0,3.0,6.800000000000001,5.5,46.0,34.0,26.0,12.0
278,29.0,Leeds United,Norwich City,H,2,1,2.4,1.4,13,12,7,4,0.0,2.0,4.1,2.9000000000000004,42.0,32.0,8.0,11.0,3,0,0.0,0.0,8.0,8.0,4.1,7.4,37.0,52.0,24.0,22.0
279,29.0,Arsenal,Leicester City,H,2,0,2.8,0.5,21,6,8,3,7.0,4.0,7.200000000000001,4.0,66.0,46.0,17.0,17.0,3,0,9.0,6.0,4.0,2.0,3.5,4.4,25.0,39.0,11.0,9.0
280,29.0,Crystal Palace,Manchester City,D,0,0,0.8,2.9,7,18,1,4,7.0,7.0,5.199999999999999,7.6,30.0,58.0,17.0,22.0,1,1,7.0,6.0,2.0,4.0,2.1999999999999997,2.1,25.0,17.0,7.0,9.0
281,16.0,Brighton,Tottenham,A,0,2,0.9,2.9,15,17,0,7,1.0,11.0,3.2,6.4,35.0,39.0,8.0,21.0,0,3,0.0,6.0,6.0,3.0,5.0,3.1999999999999997,37.0,35.0,17.0,9.0
282,27.0,Arsenal,Liverpool,A,0,2,0.7,1.6,9,9,2,3,7.0,9.0,7.800000000000001,10.3,63.0,63.0,17.0,29.0,0,3,9.0,9.0,3.0,0.0,3.1,2.0,25.0,24.0,12.0,10.0
283,20.0,Everton,Newcastle Utd,H,1,0,0.6,1.3,9,17,3,6,0.0,4.0,1.2,2.9,20.0,25.0,4.0,10.0,3,0,0.0,6.0,7.0,3.0,5.3,3.8,41.0,37.0,18.0,12.0
284,30.0,Wolves,Leeds United,A,2,3,1.1,2.2,14,15,8,6,5.0,2.0,2.6,4.6,36.0,36.0,13.0,12.0,0,3,6.0,3.0,2.0,5.0,4.1,3.2,29.0,34.0,10.0,17.0
285,30.0,Aston Villa,Arsenal,A,0,1,0.5,1.5,8,10,1,3,8.0,5.0,5.0,4.9,42.0,46.0,25.0,14.0,0,3,6.0,6.0,2.0,4.0,2.8,3.4000000000000004,26.0,28.0,6.0,13.0
286,30.0,Leicester City,Brentford,H,2,1,1.0,1.7,12,15,4,6,3.0,5.0,2.8,4.5,35.0,29.0,13.0,11.0,3,0,6.0,6.0,2.0,3.0,5.9,5.0,49.0,48.0,14.0,19.0
287,30.0,Tottenham,West Ham,H,3,1,3.0,0.8,17,6,4,1,9.0,3.0,7.0,4.5,41.0,37.0,17.0,13.0,3,0,6.0,6.0,3.0,2.0,2.1999999999999997,4.7,31.0,49.0,6.0,13.0
288,31.0,Liverpool,Watford,H,2,0,2.5,0.9,20,5,3,2,5.0,4.0,6.5,4.0,49.0,31.0,17.0,12.0,3,0,9.0,3.0,0.0,8.0,2.5,4.0,30.0,39.0,10.0,16.0
289,31.0,Wolves,Aston Villa,H,2,1,1.4,2.0,11,15,5,5,7.0,4.0,3.0,3.0,38.0,36.0,16.0,17.0,3,0,6.0,3.0,3.0,3.0,3.5,3.2,32.0,25.0,8.0,8.0
290,31.0,Leeds United,Southampton,D,1,1,1.4,1.5,12,14,3,6,5.0,2.0,4.800000000000001,3.9,32.0,38.0,14.0,13.0,1,1,6.0,0.0,6.0,8.0,3.8000000000000003,5.0,41.0,31.0,21.0,18.0
291,31.0,Chelsea,Brentford,A,1,4,1.7,2.2,21,17,8,6,8.0,6.0,5.4,5.7,34.0,38.0,15.0,16.0,0,3,9.0,6.0,1.0,3.0,2.5,2.9,22.0,34.0,6.0,12.0
292,31.0,Burnley,Manchester City,A,0,2,0.1,2.0,3,18,1,6,0.0,5.0,2.6,7.9,22.0,55.0,4.0,22.0,0,3,0.0,7.0,8.0,1.0,6.0,1.8,46.0,18.0,15.0,5.0
293,31.0,Brighton,Norwich City,D,0,0,2.9,0.4,31,6,4,0,1.0,3.0,3.2,3.8000000000000003,38.0,36.0,7.0,14.0,1,1,0.0,0.0,6.0,8.0,6.8999999999999995,6.6,45.0,38.0,20.0,20.0
294,31.0,Manchester Utd,Leicester City,D,1,1,1.0,0.9,11,11,5,3,4.0,3.0,4.7,2.0,37.0,25.0,11.0,11.0,1,1,4.0,6.0,6.0,3.0,5.5,6.5,44.0,55.0,15.0,18.0
295,31.0,West Ham,Everton,H,2,1,1.7,0.8,11,13,5,2,3.0,1.0,3.5,1.3,30.0,23.0,10.0,5.0,3,0,3.0,3.0,5.0,6.0,6.8,4.699999999999999,52.0,45.0,16.0,16.0
296,31.0,Tottenham,Newcastle Utd,H,5,1,3.2,0.6,19,8,6,1,7.0,2.0,7.6,2.5,44.0,32.0,14.0,12.0,3,0,6.0,3.0,4.0,3.0,2.7,2.7,31.0,31.0,7.0,11.0
297,31.0,Crystal Palace,Arsenal,H,3,0,1.7,1.0,6,12,5,3,3.0,3.0,4.7,5.0,30.0,40.0,13.0,13.0,3,0,5.0,6.0,1.0,2.0,3.8999999999999995,2.6,35.0,23.0,10.0,7.0
298,19.0,Burnley,Everton,H,3,2,2.0,2.8,13,16,4,4,0.0,2.0,1.6,1.8,16.0,30.0,3.0,7.0,3,0,0.0,3.0,8.0,3.0,6.2,4.0,42.0,42.0,15.0,14.0
299,32.0,Newcastle Utd,Wolves,H,1,0,1.7,0.3,12,5,4,2,1.0,5.0,2.4,3.5,32.0,39.0,9.0,16.0,3,0,0.0,6.0,7.0,4.0,4.800000000000001,4.6000000000000005,36.0,38.0,12.0,13.0
300,32.0,Everton,Manchester Utd,H,1,0,0.5,1.1,7,12,3,4,4.0,5.0,4.199999999999999,2.5,38.0,26.0,9.0,13.0,3,0,3.0,4.0,5.0,7.0,5.0,5.7,41.0,45.0,15.0,16.0
301,32.0,Arsenal,Brighton,A,1,2,2.0,0.8,20,8,4,3,1.0,0.0,3.2,4.4,31.0,54.0,8.0,7.0,0,3,3.0,1.0,5.0,4.0,3.8000000000000003,5.6,23.0,41.0,9.0,16.0
302,32.0,Southampton,Chelsea,A,0,6,0.5,4.4,4,24,1,14,3.0,5.0,4.3,4.9,41.0,44.0,18.0,18.0,0,3,1.0,6.0,5.0,5.0,3.9,3.8000000000000003,29.0,33.0,12.0,11.0
303,32.0,Watford,Leeds United,A,0,3,1.1,0.7,8,10,1,5,2.0,6.0,3.6,6.0,23.0,40.0,7.0,16.0,0,3,3.0,7.0,7.0,4.0,5.1,4.0,43.0,40.0,15.0,18.0
304,32.0,Aston Villa,Tottenham,A,0,4,1.8,1.2,9,11,8,5,2.0,10.0,3.7,9.1,36.0,53.0,13.0,17.0,0,3,0.0,9.0,5.0,2.0,4.4,2.3,32.0,29.0,12.0,2.0
305,32.0,Brentford,West Ham,H,2,0,1.5,0.4,15,5,7,1,7.0,5.0,5.9,4.0,45.0,28.0,16.0,10.0,3,0,6.0,6.0,3.0,5.0,3.3000000000000003,5.0,40.0,43.0,13.0,13.0
306,32.0,Leicester City,Crystal Palace,H,2,1,1.3,1.6,12,11,3,3,3.0,5.0,2.4,5.3,29.0,25.0,10.0,14.0,3,0,4.0,7.0,4.0,0.0,5.5,4.6,47.0,42.0,19.0,12.0
307,32.0,Norwich City,Burnley,H,2,0,2.0,1.9,17,18,6,4,2.0,3.0,2.9,2.7,27.0,23.0,7.0,6.0,3,0,1.0,3.0,5.0,6.0,7.5,6.8,59.0,47.0,18.0,14.0
308,32.0,Manchester City,Liverpool,D,2,2,1.6,1.2,11,6,5,4,6.0,6.0,8.0,6.4,60.0,47.0,20.0,15.0,1,1,7.0,9.0,1.0,0.0,1.4,2.1999999999999997,15.0,22.0,4.0,7.0
309,33.0,Tottenham,Brighton,A,0,1,0.5,0.8,5,12,0,5,12.0,2.0,7.4,4.6,47.0,54.0,15.0,7.0,0,3,9.0,4.0,2.0,3.0,3.2,5.3,23.0,43.0,10.0,11.0
310,33.0,Manchester Utd,Norwich City,H,3,2,2.2,2.0,20,15,9,4,4.0,3.0,3.1,3.8,33.0,35.0,15.0,10.0,3,0,4.0,4.0,4.0,2.0,3.1,7.199999999999999,28.0,62.0,9.0,15.0
311,33.0,Watford,Brentford,A,1,2,1.8,1.8,17,16,4,5,2.0,7.0,3.8000000000000003,5.4,22.0,47.0,8.0,19.0,0,3,3.0,6.0,6.0,3.0,4.9,3.1,43.0,38.0,15.0,13.0
312,33.0,Southampton,Arsenal,H,1,0,0.7,1.8,9,23,3,6,2.0,2.0,3.7,4.5,31.0,42.0,14.0,10.0,3,0,1.0,3.0,9.0,5.0,7.6,3.0,45.0,22.0,22.0,9.0
313,33.0,Newcastle Utd,Leicester City,H,2,1,1.8,0.9,16,8,7,2,2.0,5.0,3.5999999999999996,3.1999999999999997,37.0,35.0,11.0,10.0,3,0,3.0,7.0,6.0,3.0,4.1000000000000005,4.3,33.0,37.0,11.0,14.0
314,33.0,West Ham,Burnley,D,1,1,2.5,1.3,21,9,8,1,3.0,3.0,2.9000000000000004,4.0,22.0,34.0,7.0,9.0,1,1,3.0,3.0,6.0,6.0,5.3,6.8,45.0,51.0,13.0,16.0
315,30.0,Liverpool,Manchester Utd,H,4,0,2.2,0.1,14,2,5,1,6.0,4.0,5.3,4.300000000000001,35.0,43.0,10.0,18.0,3,0,7.0,4.0,2.0,4.0,3.1999999999999997,3.4,25.0,33.0,9.0,10.0
316,18.0,Everton,Leicester City,D,1,1,2.0,1.2,13,11,3,3,4.0,4.0,4.1,3.1,36.0,31.0,9.0,8.0,1,1,3.0,4.0,5.0,4.0,4.800000000000001,4.4,36.0,38.0,13.0,15.0
317,25.0,Chelsea,Arsenal,A,2,4,1.1,1.8,11,14,2,4,8.0,1.0,7.1000000000000005,4.8,53.0,55.0,25.0,13.0,0,3,6.0,0.0,4.0,6.0,3.2,3.2,28.0,23.0,9.0,11.0
318,30.0,Newcastle Utd,Crystal Palace,H,1,0,1.2,0.6,13,10,4,2,4.0,4.0,4.1,4.1,36.0,24.0,12.0,9.0,3,0,6.0,4.0,6.0,2.0,4.4,5.2,32.0,42.0,10.0,10.0
319,30.0,Manchester City,Brighton,H,3,0,1.6,0.2,17,2,5,1,4.0,3.0,6.5,4.5,47.0,51.0,15.0,12.0,3,0,5.0,7.0,2.0,1.0,2.1,2.9,16.0,31.0,6.0,4.0
320,30.0,Burnley,Southampton,H,2,0,1.8,1.0,16,11,6,3,4.0,2.0,5.2,2.7,40.0,27.0,9.0,10.0,3,0,4.0,4.0,5.0,7.0,7.3,7.6,54.0,59.0,18.0,23.0
321,34.0,Arsenal,Manchester Utd,H,3,1,2.4,2.1,14,14,7,5,5.0,3.0,5.6,3.4000000000000004,57.0,34.0,14.0,14.0,3,0,3.0,3.0,5.0,7.0,2.6,4.7,28.0,36.0,8.0,12.0
322,34.0,Leicester City,Aston Villa,D,0,0,0.3,1.2,5,11,2,3,4.0,1.0,3.4000000000000004,4.3,31.0,32.0,8.0,14.0,1,1,4.0,0.0,4.0,7.0,5.4,4.1,40.0,32.0,13.0,13.0
323,34.0,Manchester City,Watford,H,5,1,3.9,0.4,21,5,8,2,7.0,1.0,5.2,3.8000000000000003,46.0,30.0,16.0,7.0,3,0,7.0,0.0,2.0,7.0,1.5,5.0,11.0,46.0,6.0,13.0
324,34.0,Norwich City,Newcastle Utd,A,0,3,0.5,1.7,5,13,2,7,4.0,4.0,4.4,4.7,38.0,41.0,10.0,15.0,0,3,4.0,9.0,3.0,1.0,7.0,1.7999999999999998,69.0,23.0,17.0,6.0
325,34.0,Brentford,Tottenham,D,0,0,1.0,0.8,15,9,2,0,8.0,9.0,5.5,4.9,48.0,35.0,18.0,11.0,1,1,9.0,6.0,2.0,2.0,3.9,3.2,43.0,29.0,13.0,14.0
326,34.0,Brighton,Southampton,D,2,2,1.8,1.2,8,18,5,5,3.0,1.0,1.8,2.2,22.0,24.0,9.0,7.0,1,1,6.0,3.0,4.0,8.0,4.1,8.0,42.0,63.0,9.0,26.0
327,34.0,Burnley,Wolves,H,1,0,1.6,0.7,14,10,5,4,3.0,4.0,5.0,2.8,43.0,30.0,11.0,15.0,3,0,4.0,3.0,3.0,5.0,5.5,5.9,49.0,42.0,17.0,15.0
328,34.0,Chelsea,West Ham,H,1,0,2.9,0.7,26,6,5,2,9.0,3.0,7.2,4.6000000000000005,56.0,37.0,24.0,14.0,3,0,3.0,4.0,8.0,4.0,4.5,3.6,35.0,37.0,11.0,10.0
329,34.0,Liverpool,Everton,H,2,0,1.9,0.6,18,9,4,1,8.0,4.0,5.9,5.3,40.0,36.0,12.0,10.0,3,0,7.0,4.0,2.0,4.0,2.6,4.3,18.0,36.0,8.0,11.0
330,34.0,Crystal Palace,Leeds United,D,0,0,2.1,0.6,17,9,7,2,4.0,7.0,3.9000000000000004,4.300000000000001,27.0,37.0,10.0,14.0,1,1,3.0,7.0,3.0,3.0,3.5,3.7,37.0,36.0,10.0,15.0
331,37.0,Manchester Utd,Chelsea,D,1,1,0.5,2.2,6,21,3,6,4.0,9.0,4.4,8.4,36.0,61.0,15.0,21.0,1,1,3.0,6.0,9.0,4.0,6.6,3.0,43.0,24.0,16.0,7.0
332,35.0,Newcastle Utd,Liverpool,A,0,1,0.3,2.4,4,24,2,10,6.0,8.0,4.7,5.3,42.0,38.0,18.0,13.0,0,3,9.0,7.0,1.0,2.0,2.0,2.3,23.0,22.0,6.0,7.0
333,35.0,Watford,Burnley,A,1,2,1.4,2.3,13,17,1,6,2.0,4.0,3.3000000000000003,4.7,30.0,39.0,7.0,12.0,0,3,0.0,7.0,10.0,1.0,6.4,4.2,47.0,42.0,18.0,15.0
334,35.0,Wolves,Brighton,A,0,3,0.8,2.8,11,17,1,9,2.0,3.0,2.4,2.8,26.0,22.0,11.0,11.0,0,3,3.0,4.0,3.0,5.0,5.3,3.3,41.0,40.0,14.0,10.0
335,35.0,Aston Villa,Norwich City,H,2,0,2.6,0.5,21,9,6,3,1.0,4.0,5.0,4.5,35.0,37.0,16.0,12.0,3,0,1.0,3.0,6.0,6.0,2.9,5.8,27.0,51.0,12.0,20.0
336,35.0,Southampton,Crystal Palace,A,1,2,0.7,1.6,8,14,3,5,3.0,1.0,2.9000000000000004,4.300000000000001,38.0,38.0,11.0,12.0,0,3,4.0,1.0,4.0,3.0,5.4,3.1,47.0,34.0,17.0,9.0
337,35.0,Leeds United,Manchester City,A,0,4,1.3,2.5,7,19,2,6,4.0,10.0,2.6999999999999997,7.1,31.0,49.0,10.0,18.0,0,3,5.0,7.0,1.0,3.0,4.7,1.7999999999999998,39.0,13.0,14.0,7.0
338,35.0,Tottenham,Leicester City,H,3,1,1.5,0.5,13,6,7,2,4.0,2.0,2.5,2.4,25.0,24.0,5.0,7.0,3,0,4.0,2.0,1.0,3.0,3.5999999999999996,5.0,36.0,40.0,15.0,13.0
339,35.0,Everton,Chelsea,H,1,0,2.0,1.2,9,17,4,5,2.0,4.0,3.1,6.2,29.0,58.0,7.0,13.0,3,0,4.0,4.0,3.0,5.0,4.199999999999999,3.0,41.0,26.0,11.0,9.0
340,35.0,West Ham,Arsenal,A,1,2,0.6,0.9,8,13,3,7,1.0,7.0,3.6,6.0,32.0,51.0,11.0,17.0,0,3,1.0,6.0,4.0,4.0,5.7,3.9000000000000004,50.0,34.0,13.0,10.0
341,35.0,Manchester Utd,Brentford,H,3,0,2.2,0.6,9,12,5,4,2.0,4.0,2.7,4.3,22.0,46.0,9.0,14.0,3,0,1.0,7.0,8.0,1.0,6.8,3.0,49.0,31.0,18.0,5.0
342,36.0,Crystal Palace,Watford,H,1,0,2.7,0.6,15,6,7,1,2.0,3.0,4.300000000000001,3.6,41.0,35.0,14.0,7.0,3,0,4.0,0.0,2.0,9.0,2.5,8.0,30.0,54.0,9.0,19.0
343,36.0,Brentford,Southampton,H,3,0,2.8,1.5,18,19,5,4,2.0,3.0,3.4,2.9000000000000004,43.0,37.0,11.0,11.0,3,0,4.0,1.0,4.0,6.0,4.8,5.2,35.0,38.0,9.0,16.0
344,36.0,Chelsea,Wolves,D,2,2,2.4,2.1,19,14,6,4,2.0,0.0,6.300000000000001,1.8,64.0,26.0,16.0,7.0,1,1,4.0,0.0,2.0,5.0,3.2,6.1,21.0,43.0,9.0,18.0
345,36.0,Burnley,Aston Villa,A,1,3,2.0,1.6,14,12,6,7,5.0,2.0,5.7,5.6000000000000005,47.0,41.0,17.0,17.0,0,3,9.0,4.0,1.0,4.0,3.0999999999999996,2.0,34.0,25.0,8.0,10.0
346,36.0,Brighton,Manchester Utd,H,4,0,2.5,1.2,17,15,6,5,5.0,5.0,4.8,4.800000000000001,27.0,29.0,15.0,13.0,3,0,4.0,4.0,5.0,4.0,3.6000000000000005,5.2,46.0,47.0,11.0,17.0
347,36.0,Liverpool,Tottenham,D,1,1,1.4,1.2,22,8,3,3,7.0,3.0,6.5,2.8,56.0,27.0,19.0,7.0,1,1,9.0,4.0,0.0,2.0,1.0,2.3,15.0,33.0,4.0,9.0
348,36.0,Leicester City,Everton,A,1,2,1.2,1.1,16,10,9,4,2.0,2.0,2.0,4.6,22.0,31.0,7.0,8.0,0,3,2.0,4.0,4.0,3.0,4.7,4.3,37.0,46.0,13.0,12.0
349,36.0,Norwich City,West Ham,A,0,4,0.9,3.1,8,13,2,5,2.0,2.0,3.0,3.8,29.0,35.0,9.0,13.0,0,3,0.0,1.0,8.0,4.0,6.500000000000001,5.1,54.0,48.0,22.0,13.0
350,36.0,Arsenal,Leeds United,H,2,1,2.5,0.5,19,3,9,2,9.0,3.0,5.1,2.5999999999999996,41.0,26.0,18.0,9.0,3,0,9.0,4.0,4.0,4.0,3.8000000000000003,5.7,33.0,44.0,10.0,14.0
351,36.0,Manchester City,Newcastle Utd,H,5,0,3.3,0.8,21,7,9,3,12.0,4.0,8.0,3.2,57.0,30.0,19.0,13.0,3,0,9.0,6.0,1.0,1.0,1.9000000000000001,3.5,14.0,39.0,5.0,14.0
352,33.0,Aston Villa,Liverpool,A,1,2,1.4,2.2,9,17,4,6,5.0,4.0,5.4,5.699999999999999,44.0,64.0,16.0,17.0,0,3,7.0,7.0,1.0,1.0,2.8,2.0999999999999996,28.0,21.0,11.0,6.0
353,33.0,Leeds United,Chelsea,A,0,3,0.4,1.6,5,17,0,4,1.0,3.0,2.4000000000000004,5.800000000000001,19.0,57.0,6.0,17.0,0,3,1.0,2.0,6.0,4.0,7.1,4.6,55.0,29.0,22.0,11.0
354,21.0,Leicester City,Norwich City,H,3,0,2.2,1.1,20,9,8,5,2.0,0.0,2.0,1.9,27.0,22.0,13.0,7.0,3,0,1.0,0.0,5.0,9.0,3.8,7.4,34.0,47.0,14.0,18.0
355,30.0,Watford,Everton,D,0,0,0.4,1.1,6,16,0,5,2.0,3.0,2.4,3.7,24.0,28.0,4.0,9.0,1,1,0.0,6.0,8.0,3.0,8.899999999999999,4.3,53.0,51.0,21.0,18.0
356,33.0,Wolves,Manchester City,A,1,5,0.5,2.8,7,16,3,5,2.0,14.0,3.5999999999999996,9.7,35.0,61.0,9.0,23.0,0,3,1.0,9.0,6.0,1.0,6.8,2.5,50.0,19.0,20.0,7.0
357,22.0,Tottenham,Arsenal,H,3,0,3.0,0.6,16,8,6,4,4.0,7.0,3.5,5.800000000000001,30.0,46.0,10.0,23.0,3,0,5.0,9.0,2.0,3.0,2.9,3.2,43.0,25.0,7.0,10.0
358,37.0,Tottenham,Burnley,H,1,0,2.3,0.8,21,8,8,1,7.0,4.0,5.7,5.9,37.0,45.0,16.0,17.0,3,0,7.0,6.0,2.0,4.0,2.5,3.6999999999999997,36.0,35.0,9.0,12.0
359,37.0,Leeds United,Brighton,D,1,1,1.9,2.4,19,16,5,6,1.0,9.0,2.2,7.1,15.0,42.0,4.0,20.0,1,1,0.0,7.0,9.0,2.0,6.6,3.2,55.0,44.0,19.0,11.0
360,37.0,Watford,Leicester City,A,1,5,1.7,2.4,13,13,5,7,1.0,5.0,2.4,3.9000000000000004,25.0,42.0,2.0,19.0,0,3,1.0,3.0,3.0,5.0,6.1,3.7,48.0,32.0,18.0,16.0
361,37.0,Wolves,Norwich City,D,1,1,1.0,1.3,17,11,4,2,3.0,0.0,3.4000000000000004,2.5,32.0,26.0,8.0,10.0,1,1,1.0,0.0,10.0,9.0,8.0,7.9,52.0,54.0,20.0,19.0
362,37.0,Aston Villa,Crystal Palace,D,1,1,1.0,1.5,13,16,4,4,6.0,3.0,5.6,6.4,42.0,46.0,17.0,19.0,1,1,6.0,7.0,3.0,1.0,4.7,1.9,40.0,23.0,15.0,6.0
363,37.0,West Ham,Manchester City,D,2,2,1.8,2.9,6,31,2,8,5.0,14.0,4.3999999999999995,8.6,27.0,56.0,10.0,20.0,1,1,3.0,9.0,3.0,1.0,4.7,2.6,47.0,21.0,14.0,8.0
364,37.0,Everton,Brentford,A,2,3,2.0,1.6,10,18,5,7,3.0,3.0,4.2,4.3999999999999995,35.0,45.0,13.0,11.0,0,3,7.0,4.0,1.0,3.0,2.8,4.5,39.0,37.0,14.0,9.0
365,37.0,Newcastle Utd,Arsenal,H,2,0,1.7,0.7,16,11,4,2,3.0,4.0,2.8,4.0,24.0,40.0,12.0,20.0,3,0,3.0,6.0,6.0,5.0,6.199999999999999,4.1,50.0,27.0,21.0,11.0
366,37.0,Southampton,Liverpool,A,1,2,0.1,1.5,4,24,2,5,0.0,0.0,0.0,0.0,0.0,0.0,0.0,0.0,0,3,1.0,7.0,7.0,2.0,6.199999999999999,2.9,40.0,21.0,15.0,9.0
367,33.0,Everton,Crystal Palace,H,3,2,0.9,1.4,12,7,6,5,0.0,0.0,0.0,0.0,0.0,0.0,0.0,0.0,3,0,4.0,7.0,4.0,2.0,3.2,2.3,40.0,27.0,16.0,8.0
368,18.0,Aston Villa,Burnley,D,1,1,1.6,1.8,22,10,9,5,0.0,0.0,0.0,0.0,0.0,0.0,0.0,0.0,1,1,4.0,3.0,4.0,5.0,5.7,5.3,47.0,46.0,16.0,16.0
369,27.0,Chelsea,Leicester City,D,1,1,1.8,0.1,20,2,7,1,0.0,0.0,0.0,0.0,0.0,0.0,0.0,0.0,1,1,4.0,6.0,3.0,3.0,4.5,3.9000000000000004,28.0,32.0,8.0,14.0
370,38.0,Brentford,Leeds United,A,1,2,1.2,1.4,14,14,5,6,0.0,0.0,0.0,0.0,0.0,0.0,0.0,0.0,0,3,6.0,1.0,5.0,6.0,5.7,6.5,38.0,52.0,14.0,19.0
371,38.0,Leicester City,Southampton,H,4,1,3.1,1.2,12,7,6,2,0.0,0.0,0.0,0.0,0.0,0.0,0.0,0.0,3,0,7.0,0.0,2.0,7.0,4.6,5.9,42.0,56.0,17.0,15.0
372,38.0,Crystal Palace,Manchester Utd,H,1,0,0.8,0.9,6,10,3,4,0.0,0.0,0.0,0.0,0.0,0.0,0.0,0.0,3,0,4.0,4.0,4.0,5.0,2.5,5.300000000000001,31.0,50.0,11.0,16.0
373,38.0,Arsenal,Everton,H,5,1,4.1,1.1,26,6,9,2,0.0,0.0,0.0,0.0,0.0,0.0,0.0,0.0,3,0,3.0,4.0,6.0,5.0,5.2,3.4,35.0,31.0,12.0,12.0
374,38.0,Brighton,West Ham,H,3,1,1.9,0.4,18,7,7,2,0.0,0.0,0.0,0.0,0.0,0.0,0.0,0.0,3,0,7.0,4.0,1.0,4.0,3.9000000000000004,4.7,45.0,52.0,11.0,17.0
375,38.0,Norwich City,Tottenham,A,0,5,0.5,3.4,9,19,0,13,0.0,0.0,0.0,0.0,0.0,0.0,0.0,0.0,0,3,1.0,7.0,8.0,1.0,6.300000000000001,2.8,50.0,38.0,17.0,8.0
376,38.0,Manchester City,Aston Villa,H,3,2,3.7,0.3,24,4,5,2,0.0,0.0,0.0,0.0,0.0,0.0,0.0,0.0,3,0,7.0,2.0,3.0,4.0,3.0999999999999996,5.5,20.0,43.0,8.0,15.0
377,38.0,Liverpool,Wolves,H,3,1,3.1,1.4,29,7,8,5,0.0,0.0,0.0,0.0,0.0,0.0,0.0,0.0,3,0,7.0,2.0,3.0,8.0,2.7,6.5,21.0,46.0,9.0,13.0
378,38.0,Burnley,Newcastle Utd,A,1,2,1.8,1.9,12,8,5,6,0.0,0.0,0.0,0.0,0.0,0.0,0.0,0.0,0,3,1.0,3.0,5.0,6.0,5.5,6.3999999999999995,55.0,56.0,24.0,21.0
379,38.0,Chelsea,Watford,H,2,1,2.7,0.8,19,8,8,3,0.0,0.0,0.0,0.0,0.0,0.0,0.0,0.0,3,0,5.0,1.0,3.0,6.0,2.6,6.2,21.0,44.0,5.0,19.0
